[
  {
    "model": "ereader.author",
    "pk": 1,
    "fields": {
      "first_name": "Nathaniel",
      "last_name": "Hawthorne",
      "dob": "1804",
      "dod": "1864"
    }
  },
  {
    "model": "ereader.author",
    "pk": 2,
    "fields": {
      "first_name": "Mark",
      "last_name": "Twain",
      "dob": "1835",
      "dod": "1910"
    }
  },
  {
    "model": "ereader.author",
    "pk": 3,
    "fields": {
      "first_name": "E.W. (Edward Windsor)",
      "last_name": "Kemble",
      "dob": "1861",
      "dod": "1933"
    }
  },
  {
    "model": "ereader.author",
    "pk": 4,
    "fields": {
      "first_name": "Mary Wollstonecraft",
      "last_name": "Shelley",
      "dob": "1797",
      "dod": "1851"
    }
  },
  {
    "model": "ereader.author",
    "pk": 5,
    "fields": {
      "first_name": "Oscar",
      "last_name": "Wilde",
      "dob": "1854",
      "dod": "1900"
    }
  },
  {
    "model": "ereader.author",
    "pk": 6,
    "fields": {
      "first_name": "E.M. (Edward Morgan)",
      "last_name": "Forster",
      "dob": "1879",
      "dod": "1970"
    }
  },
  {
    "model": "ereader.author",
    "pk": 7,
    "fields": {
      "first_name": "George",
      "last_name": "Eliot",
      "dob": "1819",
      "dod": "1880"
    }
  },
  {
    "model": "ereader.author",
    "pk": 8,
    "fields": {
      "first_name": "Louisa May",
      "last_name": "Alcott",
      "dob": "1832",
      "dod": "1888"
    }
  },
  {
    "model": "ereader.author",
    "pk": 9,
    "fields": {
      "first_name": "Elizabeth",
      "last_name": "Von Arnim",
      "dob": "1866",
      "dod": "1941"
    }
  },
  {
    "model": "ereader.author",
    "pk": 10,
    "fields": {
      "first_name": "Lucy Maud",
      "last_name": "Montgomery",
      "dob": "1874",
      "dod": "1942"
    }
  },
  {
    "model": "ereader.author",
    "pk": 11,
    "fields": {
      "first_name": "Herman",
      "last_name": "Melville",
      "dob": "1819",
      "dod": "1891"
    }
  },
  {
    "model": "ereader.author",
    "pk": 12,
    "fields": {
      "first_name": "Jane",
      "last_name": "Austen",
      "dob": "1775",
      "dod": "1817"
    }
  },
  {
    "model": "ereader.author",
    "pk": 13,
    "fields": {
      "first_name": "R.W. (Robert William)",
      "last_name": "Chapman",
      "dob": "1881",
      "dod": "1960"
    }
  },
  {
    "model": "ereader.author_role",
    "pk": 1,
    "fields": { "role": "Illustrator" }
  },
  { "model": "ereader.author_role", "pk": 2, "fields": { "role": "Editor" } },
  {
    "model": "ereader.author_role",
    "pk": 3,
    "fields": { "role": "Translator" }
  },
  { "model": "ereader.author_role", "pk": 4, "fields": { "role": "Author" } },
  {
    "model": "ereader.subject",
    "pk": 1,
    "fields": { "subject": "Historical Fiction" }
  },
  {
    "model": "ereader.subject",
    "pk": 2,
    "fields": { "subject": "Humorous stories" }
  },
  {
    "model": "ereader.subject",
    "pk": 3,
    "fields": { "subject": "Science fiction" }
  },
  {
    "model": "ereader.subject",
    "pk": 4,
    "fields": { "subject": "Adventure stories" }
  },
  {
    "model": "ereader.subject",
    "pk": 5,
    "fields": { "subject": "Didactic fiction" }
  },
  {
    "model": "ereader.subject",
    "pk": 6,
    "fields": { "subject": "Autobiographical fiction" }
  },
  {
    "model": "ereader.subject",
    "pk": 7,
    "fields": { "subject": "Love stories" }
  },
  { "model": "ereader.subject", "pk": 8, "fields": { "subject": "Romance" } },
  {
    "model": "ereader.subject",
    "pk": 9,
    "fields": { "subject": "Whaling -- Fiction" }
  },
  {
    "model": "ereader.subject",
    "pk": 10,
    "fields": { "subject": "Sea stories" }
  },
  { "model": "ereader.gutenberg_type", "pk": 1, "fields": { "type": "Text" } },
  {
    "model": "ereader.book",
    "pk": 1,
    "fields": {
      "title": "The House of the Seven Gables",
      "gut_id": 77,
      "lib_id": 1645,
      "gut_issued": "1993-08-01",
      "description": "The House of the Seven Gables is a gloomy New England mansion, haunted from its foundation by fraudulent dealings, accusations of witchcraft, and sudden death. The current resident, the dignified but desperately poor Hepzibah Pyncheon, opens a shop in a side room to support her brother Clifford, who is about to leave prison after serving twenty-five years for murder. She refuses all assistance from her unpleasant wealthy cousin Judge Jaffrey Pyncheon. A distant relative, the pretty young Phoebe, turns up and quickly becomes invaluable, charming customers and rousing Clifford from depression. A delicate romance grows between Phoebe and the mysterious lodger Holgrave, who is writing a history of the Pyncheon family. (Summary from Wikipedia)",
      "cover_url": "https://firebasestorage.googleapis.com/v0/b/rm-ereader.appspot.com/o/pg77.cover.medium.jpg?alt=media&token=c7d12631-093c-4187-8235-6ce3f4c9052c",
      "gut_type": 1
    }
  },
  {
    "model": "ereader.book",
    "pk": 2,
    "fields": {
      "title": "Adventures of Huckleberry Finn",
      "gut_id": 76,
      "lib_id": 59,
      "gut_issued": "2004-06-29",
      "description": "<em>Adventures of Huckleberry Finn</em> (1884) by Mark Twain is one of the truly great American novels, beloved by children, adults, and literary critics alike. The book tells the story of “Huck” Finn (first introduced as Tom Sawyer’s sidekick in <em>The Adventures of Tom Sawyer</em>), his friend Jim, and their journey down the Mississippi River on a raft. Both are on the run, Huck from his drunk and abusive father, and Jim as a runaway slave.<br /><br />As Huck and Jim drift down the river, they meet many colorful characters and have many great adventures. The true heart of the story, however, is the friendship between Huck and Jim. A constant theme throughout the book is Huck’s internal struggle between what he has been taught, that helping a runaway slave is a sin, and what he truly believes, that Jim is a good man and it couldn’t possibly be wrong to help him.<br /><br /><em>Adventures of Huckleberry Finn</em> was unique at the time of its publication (1884) because it is narrated by Huck himself and is written in the numerous dialects common in the area and time in which the book is set. Although the book was originally intended as a sequel to the children’s book <em>The Adventures of Tom Sawyer</em>, as Twain wrote <em>Adventures of Huckleberry Finn</em> it progressed into a more serious work. Twain’s views on slavery and other social issues of the time become clear through the words, thoughts, and actions of Huck Finn. The book has always been the subject of great controversy, and according to <a href=\"http://www.ala.org/bbooks/100-most-frequently-challenged-books-1990–1999\" target=\"_blank\">The American Library Association</a> it was fifth on the list of most frequently challenged books in the 1990s.<br />(Summary by Annie Coleman)",
      "cover_url": "https://firebasestorage.googleapis.com/v0/b/rm-ereader.appspot.com/o/pg76.cover.medium.jpg?alt=media&token=b258a92e-392a-4f6c-af7b-f9e1a61c77e3",
      "gut_type": 1
    }
  },
  {
    "model": "ereader.book",
    "pk": 3,
    "fields": {
      "title": "Frankenstein; Or, The Modern Promethius",
      "gut_id": 84,
      "lib_id": 381,
      "gut_issued": "1993-10-01",
      "description": "Victor Frankenstein discovers the secret of animating lifeless matter and, by assembling body parts, creates the monster who has no name in the book. Rejected by society, the Monster vows revenge on his creator. (Summary written by Gesine) <br><br> <i>Note: Project originally cataloged October 20, 2005. Audio files were volume adjusted and re-uploaded May 3, 2010.",
      "cover_url": "https://firebasestorage.googleapis.com/v0/b/rm-ereader.appspot.com/o/pg84.cover.medium.jpg?alt=media&token=d7869054-ce1d-4940-b36a-4b0074469719",
      "gut_type": 1
    }
  },
  {
    "model": "ereader.book",
    "pk": 4,
    "fields": {
      "title": "Tom Sawyer Abroad",
      "gut_id": 91,
      "lib_id": 3681,
      "gut_issued": "2004-09-14",
      "description": "Tom Sawyer Abroad is a novel by Mark Twain published in 1894. It features Tom Sawyer and Huckleberry Finn in a parody of Jules Verne-esque adventure stories. In the story, Tom, Huck, and Jim set sail to Africa in a futuristic hot air balloon, where they survive encounters with lions, robbers, and fleas to see some of the world's greatest wonders, including the Pyramids and the Sphinx. Like Adventures of Huckleberry Finn and Tom Sawyer, Detective, the story is told using the first-person narrative voice of Huck Finn. (Summary by Wikipedia)No Description Available",
      "cover_url": "https://firebasestorage.googleapis.com/v0/b/rm-ereader.appspot.com/o/pg91.cover.medium.jpg?alt=media&token=7be1697f-23ee-4701-9cf3-7f35ebb5680f",
      "gut_type": 1
    }
  },
  {
    "model": "ereader.book",
    "pk": 5,
    "fields": {
      "title": "The Picture of Dorian Gray",
      "gut_id": 174,
      "lib_id": 365,
      "gut_issued": "1994-10-01",
      "description": "Dorian Gray, a young man of wealth and stature in late 1800's London, meets Lord Henry Wotton while posing for a portrait by his friend Basil Hallward. Once the painting is complete, Dorian realizes that it will always be young and attractive, while he will be forced to age and wither with the years. Carelessly, he wishes the opposite were true. What happens is a treatise on morals, self-indulgence and how crucial personal responsibility is towards one's self. (Summary by John Gonzalez)",
      "cover_url": "https://firebasestorage.googleapis.com/v0/b/rm-ereader.appspot.com/o/pg174.cover.medium.jpg?alt=media&token=e7233259-9d57-40db-9b5e-df9af01ed9ca",
      "gut_type": 1
    }
  },
  {
    "model": "ereader.book",
    "pk": 7,
    "fields": {
      "title": "A Room With a View",
      "gut_id": 2641,
      "lib_id": 938,
      "gut_issued": "2001-05-01",
      "description": "When Lucy Honeychurch travels to Italy with her cousin, she meets George Emerson, a bohemian and an atheist who falls in love with her. Upon her return to England, she is forced to choose between free-spirited George and her more conventional fiancé, Cecil Vyse. The story is both a romance and a critique of English society at the beginning of the 20th century. (Summary from Wikipedia)",
      "cover_url": "https://firebasestorage.googleapis.com/v0/b/rm-ereader.appspot.com/o/pg2641.cover.medium.jpg?alt=media&token=24420be0-99b7-49d8-8e9b-f6df27e509dc",
      "gut_type": 1
    }
  },
  {
    "model": "ereader.book",
    "pk": 8,
    "fields": {
      "title": "Middlemarch",
      "gut_id": 145,
      "lib_id": 788,
      "gut_issued": "1994-07-01",
      "description": "The book examines the role of education in the lives of the characters and how such education and study has affected the characters. Rosamond Vincy's finishing school education is a foil to Dorothea Brooke's religiously-motivated quest for knowledge. Rosamond initially admires Lydgate for his exotic education, and his intellect. A similar dynamic is present in Dorothea and Casaubon's relationship, with Dorothea revering her new husband's intellect and eloquence. In both cases, however, the young wives' expectations of their husbands intellects are not reflected in reality.\r\nDespite extreme erudition, Mr. Casaubon is afraid to publish because he believes that he must write a work that is utterly above criticism. In contrast, Lydgate at times arrogantly flaunts his knowledge, making enemies with his fellow physicians. He regards the residents of Middlemarch with a certain amount of contempt stemming from his belief that the townspeople are backwards and uninteresting. However, his education has not included tact and politicking, skills necessary in a small town but are seen by Lydgate as below him, the brilliant doctor. (summary from Wikipedia)",
      "cover_url": "https://firebasestorage.googleapis.com/v0/b/rm-ereader.appspot.com/o/pg145.cover.medium.jpg?alt=media&token=0a700bf5-be52-4706-b6c1-ff1ec89043ec",
      "gut_type": 1
    }
  },
  {
    "model": "ereader.book",
    "pk": 9,
    "fields": {
      "title": "Little Women",
      "gut_id": 37106,
      "lib_id": 628,
      "gut_issued": "2011-08-16",
      "description": "Little Women is the classic story of The March family, which consists of Mr. and Mrs. March and their four girls--Practical, yet fashion conscious Meg, who longs for the nice things they used to have. Rambunctious, book worm, Jo, who wants to become a writer and wishes she were born a boy. Shy and quiet, home-loving Beth, who loves to play the piano and play with her kitties. Finally, the youngest, artistic Amy, who longs for an aristocratic nose!\r\n\r\nThe story takes place during the American Civil War, and begins with Mr. March away from home as a chaplain to the Union army, while his wife and daughters remain at home to work and wait for his safe return. This book follows their joys and sorrows and scrapes along the path to the girl's becoming grown up \"little women\".\r\n\r\nMany of the scrapes they get into include Laurie--their harum scarum next door neighbor, who becomes their adopted brother. The two families, The March's and the Laurence's strike up a lasting friendship, despite their differences in material belongings. (Summary by Mary Anderson)",
      "cover_url": "https://firebasestorage.googleapis.com/v0/b/rm-ereader.appspot.com/o/pg37106.cover.medium.jpg?alt=media&token=cda010af-0518-4bc5-9afc-4dae50243e40",
      "gut_type": 1
    }
  },
  {
    "model": "ereader.book",
    "pk": 10,
    "fields": {
      "title": "The Enchanted April",
      "gut_id": 16389,
      "lib_id": 780,
      "gut_issued": "2005-07-29",
      "description": "It’s a dreary February in post-World War I London when Mrs. Wilkins spots an advertisement in The Times for a small Italian castle for rent in April. She sees another member of her women’s club, Mrs. Arbuthnot, reading the same advertisement and manages to convince her that the two of them should rent it. Both are miserable and lonely in their marriages. They can’t afford the cost of the villa, San Salvatore, on their own and must advertise for two others, eventually recruiting an elderly widow named Mrs. Fisher, and Lady Caroline Dester, a beautiful young socialite desperate to escape from London and society. The four journey to Italy where San Salvatore works its magic separately on each of them, changing their lives in unexpected ways. (Summary by Diana Kiesners)",
      "cover_url": "https://firebasestorage.googleapis.com/v0/b/rm-ereader.appspot.com/o/pg16389.cover.medium.jpg?alt=media&token=dd5fb595-25f8-42e1-9dd3-01b2a2210bc4",
      "gut_type": 1
    }
  },
  {
    "model": "ereader.book",
    "pk": 11,
    "fields": {
      "title": "The Blue Castle",
      "gut_id": 67979,
      "lib_id": 2203,
      "gut_issued": "2022-05-03",
      "description": "Valancy Stirling, plain, twenty nine, and as yet unsought, is given a year to live by a great heart specialist. This is the story of her year in which she finds a blue castle of happiness in the Canadian woods.\r\n\r\nThe Blue Castle is a 1926 novel by Canadian author Lucy Maud Montgomery, best known for her novel Anne of Green Gables. (Summary adapted from ALA Booklist)",
      "cover_url": "https://firebasestorage.googleapis.com/v0/b/rm-ereader.appspot.com/o/pg67979.cover.medium.jpg?alt=media&token=714487e1-a2e4-4dc1-b7c3-ab3811adddfa",
      "gut_type": 1
    }
  },
  {
    "model": "ereader.book",
    "pk": 12,
    "fields": {
      "title": "Moby Dick; Or, The Whale",
      "gut_id": 2701,
      "lib_id": 753,
      "gut_issued": "2001-07-01",
      "description": "Few things, even in literature, can really be said to be unique — but Moby Dick is truly unlike anything written before or since. The novel is nominally about the obsessive hunt by the crazed Captain Ahab of the book’s eponymous white whale. But interspersed in that story are digressions, paradoxes, philosophical riffs on whaling and life, and a display of techniques so advanced for its time that some have referred to the 1851 Moby Dick as the first “modern” novel. (Summary by Stewart Wills)",
      "cover_url": "https://firebasestorage.googleapis.com/v0/b/rm-ereader.appspot.com/o/pg2701.cover.medium.jpg?alt=media&token=19d0c530-136d-4d8d-a516-07232567065d",
      "gut_type": 1
    }
  },
  {
    "model": "ereader.book",
    "pk": 13,
    "fields": {
      "title": "Pride and Prejudice",
      "gut_id": 42671,
      "lib_id": 253,
      "gut_issued": "2013-05-09",
      "description": "Pride and Prejudice is the most famous of Jane Austen’s novels, and its opening is one of the most famous lines in English literature - “It is a truth universally acknowledged, that a single man in possession of a good fortune, must be in want of a wife.” Its manuscript was first written between 1796 and 1797, and was initially called First Impressions, but was never published under that title. Following revisions it was published on 28 January 1813 by the same Mr. Egerton of the Military Library, Whitehall, who had brought out Sense and Sensibility. Like both its predecessor and Northanger Abbey, it was written at Steventon Rectory.\r\n(Summary from Wikipedia)",
      "cover_url": "https://firebasestorage.googleapis.com/v0/b/rm-ereader.appspot.com/o/pg42671.cover.medium.jpg?alt=media&token=baa3812a-4faa-4e73-bac4-5493f1f443c3",
      "gut_type": 1
    }
  },
  {
    "model": "ereader.collection",
    "pk": 1,
    "fields": { "name": "Domestic fiction", "is_public": true }
  },
  {
    "model": "ereader.collection",
    "pk": 2,
    "fields": { "name": "Paranormal fiction", "is_public": true }
  },
  {
    "model": "ereader.collection",
    "pk": 3,
    "fields": { "name": "Haunted houses -- Fiction", "is_public": true }
  },
  {
    "model": "ereader.collection",
    "pk": 4,
    "fields": { "name": "Salem (Mass.) -- Fiction", "is_public": true }
  },
  {
    "model": "ereader.collection",
    "pk": 5,
    "fields": { "name": "Best Books Ever Listings", "is_public": true }
  },
  {
    "model": "ereader.collection",
    "pk": 6,
    "fields": { "name": "Banned Books", "is_public": true }
  },
  {
    "model": "ereader.collection",
    "pk": 7,
    "fields": { "name": "Precursors of Science Fiction", "is_public": true }
  },
  {
    "model": "ereader.collection",
    "pk": 8,
    "fields": { "name": "Gothic Fiction", "is_public": true }
  },
  {
    "model": "ereader.collection",
    "pk": 9,
    "fields": { "name": "Movie Books", "is_public": true }
  },
  {
    "model": "ereader.collection",
    "pk": 10,
    "fields": { "name": "Science Fiction by Women", "is_public": true }
  },
  {
    "model": "ereader.collection",
    "pk": 11,
    "fields": { "name": "England -- Fiction", "is_public": true }
  },
  {
    "model": "ereader.collection",
    "pk": 12,
    "fields": { "name": "Romance", "is_public": true }
  },
  {
    "model": "ereader.collection",
    "pk": 13,
    "fields": { "name": "Love", "is_public": false }
  },
  {
    "model": "ereader.collection",
    "pk": 14,
    "fields": { "name": "Young adult fiction", "is_public": false }
  },
  {
    "model": "ereader.collection",
    "pk": 15,
    "fields": { "name": "Adventure Stories", "is_public": false }
  },
  {
    "model": "ereader.author_book",
    "pk": 2,
    "fields": { "author": 1, "book": 1, "author_role": 4 }
  },
  {
    "model": "ereader.author_book",
    "pk": 8,
    "fields": { "author": 2, "book": 2, "author_role": 4 }
  },
  {
    "model": "ereader.author_book",
    "pk": 9,
    "fields": { "author": 3, "book": 2, "author_role": 1 }
  },
  {
    "model": "ereader.author_book",
    "pk": 10,
    "fields": { "author": 4, "book": 3, "author_role": 4 }
  },
  {
    "model": "ereader.author_book",
    "pk": 11,
    "fields": { "author": 2, "book": 4, "author_role": 4 }
  },
  {
    "model": "ereader.author_book",
    "pk": 12,
    "fields": { "author": 5, "book": 5, "author_role": 4 }
  },
  {
    "model": "ereader.author_book",
    "pk": 13,
    "fields": { "author": 6, "book": 7, "author_role": 4 }
  },
  {
    "model": "ereader.author_book",
    "pk": 14,
    "fields": { "author": 7, "book": 8, "author_role": 4 }
  },
  {
    "model": "ereader.author_book",
    "pk": 15,
    "fields": { "author": 8, "book": 9, "author_role": 4 }
  },
  {
    "model": "ereader.author_book",
    "pk": 16,
    "fields": { "author": 9, "book": 10, "author_role": 4 }
  },
  {
    "model": "ereader.author_book",
    "pk": 17,
    "fields": { "author": 10, "book": 11, "author_role": 4 }
  },
  {
    "model": "ereader.author_book",
    "pk": 18,
    "fields": { "author": 11, "book": 12, "author_role": 4 }
  },
  {
    "model": "ereader.author_book",
    "pk": 19,
    "fields": { "author": 12, "book": 13, "author_role": 4 }
  },
  {
    "model": "ereader.author_book",
    "pk": 20,
    "fields": { "author": 13, "book": 13, "author_role": 2 }
  },
  {
    "model": "ereader.subject_book",
    "pk": 1,
    "fields": { "subject": 1, "book": 1 }
  },
  {
    "model": "ereader.subject_book",
    "pk": 6,
    "fields": { "subject": 2, "book": 2 }
  },
  {
    "model": "ereader.subject_book",
    "pk": 7,
    "fields": { "subject": 4, "book": 2 }
  },
  {
    "model": "ereader.subject_book",
    "pk": 8,
    "fields": { "subject": 3, "book": 3 }
  },
  {
    "model": "ereader.subject_book",
    "pk": 9,
    "fields": { "subject": 4, "book": 4 }
  },
  {
    "model": "ereader.subject_book",
    "pk": 10,
    "fields": { "subject": 5, "book": 5 }
  },
  {
    "model": "ereader.subject_book",
    "pk": 11,
    "fields": { "subject": 2, "book": 7 }
  },
  {
    "model": "ereader.subject_book",
    "pk": 12,
    "fields": { "subject": 5, "book": 8 }
  },
  {
    "model": "ereader.subject_book",
    "pk": 13,
    "fields": { "subject": 6, "book": 9 }
  },
  {
    "model": "ereader.subject_book",
    "pk": 14,
    "fields": { "subject": 7, "book": 10 }
  },
  {
    "model": "ereader.subject_book",
    "pk": 15,
    "fields": { "subject": 8, "book": 11 }
  },
  {
    "model": "ereader.subject_book",
    "pk": 16,
    "fields": { "subject": 7, "book": 11 }
  },
  {
    "model": "ereader.subject_book",
    "pk": 17,
    "fields": { "subject": 10, "book": 12 }
  },
  {
    "model": "ereader.subject_book",
    "pk": 18,
    "fields": { "subject": 9, "book": 12 }
  },
  {
    "model": "ereader.subject_book",
    "pk": 19,
    "fields": { "subject": 7, "book": 13 }
  },
  {
    "model": "ereader.collection_book",
    "pk": 1,
    "fields": { "collection": 1, "book": 1 }
  },
  {
    "model": "ereader.collection_book",
    "pk": 5,
    "fields": { "collection": 1, "book": 2 }
  },
  {
    "model": "ereader.collection_book",
    "pk": 6,
    "fields": { "collection": 5, "book": 2 }
  },
  {
    "model": "ereader.collection_book",
    "pk": 7,
    "fields": { "collection": 6, "book": 2 }
  },
  {
    "model": "ereader.collection_book",
    "pk": 8,
    "fields": { "collection": 9, "book": 2 }
  },
  {
    "model": "ereader.collection_book",
    "pk": 9,
    "fields": { "collection": 2, "book": 3 }
  },
  {
    "model": "ereader.collection_book",
    "pk": 10,
    "fields": { "collection": 6, "book": 3 }
  },
  {
    "model": "ereader.collection_book",
    "pk": 11,
    "fields": { "collection": 7, "book": 3 }
  },
  {
    "model": "ereader.collection_book",
    "pk": 12,
    "fields": { "collection": 8, "book": 3 }
  },
  {
    "model": "ereader.collection_book",
    "pk": 13,
    "fields": { "collection": 10, "book": 3 }
  },
  {
    "model": "ereader.collection_book",
    "pk": 14,
    "fields": { "collection": 1, "book": 4 }
  },
  {
    "model": "ereader.collection_book",
    "pk": 15,
    "fields": { "collection": 2, "book": 5 }
  },
  {
    "model": "ereader.collection_book",
    "pk": 16,
    "fields": { "collection": 6, "book": 5 }
  },
  {
    "model": "ereader.collection_book",
    "pk": 17,
    "fields": { "collection": 12, "book": 7 }
  },
  {
    "model": "ereader.collection_book",
    "pk": 18,
    "fields": { "collection": 11, "book": 7 }
  },
  {
    "model": "ereader.collection_book",
    "pk": 19,
    "fields": { "collection": 11, "book": 8 }
  },
  {
    "model": "ereader.collection_book",
    "pk": 20,
    "fields": { "collection": 1, "book": 9 }
  },
  {
    "model": "ereader.collection_book",
    "pk": 21,
    "fields": { "collection": 12, "book": 10 }
  },
  {
    "model": "ereader.collection_book",
    "pk": 22,
    "fields": { "collection": 1, "book": 10 }
  },
  {
    "model": "ereader.collection_book",
    "pk": 23,
    "fields": { "collection": 13, "book": 11 }
  },
  {
    "model": "ereader.collection_book",
    "pk": 24,
    "fields": { "collection": 12, "book": 11 }
  },
  {
    "model": "ereader.collection_book",
    "pk": 25,
    "fields": { "collection": 15, "book": 12 }
  },
  {
    "model": "ereader.collection_book",
    "pk": 26,
    "fields": { "collection": 15, "book": 2 }
  },
  {
    "model": "ereader.collection_book",
    "pk": 27,
    "fields": { "collection": 15, "book": 4 }
  },
  {
    "model": "ereader.collection_book",
    "pk": 28,
    "fields": { "collection": 1, "book": 13 }
  },
  {
    "model": "ereader.collection_book",
    "pk": 29,
    "fields": { "collection": 11, "book": 13 }
  },
  {
    "model": "ereader.collection_book",
    "pk": 30,
    "fields": { "collection": 13, "book": 13 }
  },
  {
    "model": "ereader.narrator",
    "pk": 1,
    "fields": { "first_name": "Diana", "last_name": "Kiesners" }
  },
  {
    "model": "ereader.narrator",
    "pk": 2,
    "fields": { "first_name": "Librivox", "last_name": "Volunteers" }
  },
  {
    "model": "ereader.narrator",
    "pk": 3,
    "fields": { "first_name": "Mark", "last_name": "Smith" }
  },
  {
    "model": "ereader.narrator",
    "pk": 4,
    "fields": { "first_name": "Annie Coleman", "last_name": "Rothenberg" }
  },
  {
    "model": "ereader.narrator",
    "pk": 5,
    "fields": { "first_name": "John", "last_name": "Greenman" }
  },
  {
    "model": "ereader.narrator",
    "pk": 6,
    "fields": { "first_name": "John", "last_name": "Gonzalez" }
  },
  {
    "model": "ereader.narrator",
    "pk": 7,
    "fields": { "first_name": "Kara", "last_name": "Shallenberg" }
  },
  {
    "model": "ereader.narrator",
    "pk": 8,
    "fields": { "first_name": "Stewart", "last_name": "Wills" }
  },
  {
    "model": "ereader.audiotracks",
    "pk": 1,
    "fields": {
      "book": 10,
      "track_url": "https://firebasestorage.googleapis.com/v0/b/rm-ereader.appspot.com/o/audiobooks%2F16389%2Fenchanted_april_01_von_arnim_64kb.mp3?alt=media&token=8111cc5e-932c-4ba7-96eb-a6ed7cf136a1"
    }
  },
  {
    "model": "ereader.audiotracks",
    "pk": 2,
    "fields": {
      "book": 10,
      "track_url": "https://firebasestorage.googleapis.com/v0/b/rm-ereader.appspot.com/o/audiobooks%2F16389%2Fenchanted_april_02_von_arnim_64kb.mp3?alt=media&token=1c36b5c8-8536-4064-94b8-3e22b6c15aad"
    }
  },
  {
    "model": "ereader.audiotracks",
    "pk": 3,
    "fields": {
      "book": 10,
      "track_url": "https://firebasestorage.googleapis.com/v0/b/rm-ereader.appspot.com/o/audiobooks%2F16389%2Fenchanted_april_03_von_arnim_64kb.mp3?alt=media&token=4d7cdfd1-28d5-4137-b2aa-8464e75d19cc"
    }
  },
  {
    "model": "ereader.audiotracks",
    "pk": 4,
    "fields": {
      "book": 10,
      "track_url": "https://firebasestorage.googleapis.com/v0/b/rm-ereader.appspot.com/o/audiobooks%2F16389%2Fenchanted_april_04_von_arnim_64kb.mp3?alt=media&token=c5750e18-60a7-41e3-9c06-b16f9d1e0682"
    }
  },
  {
    "model": "ereader.audiotracks",
    "pk": 5,
    "fields": {
      "book": 10,
      "track_url": "https://firebasestorage.googleapis.com/v0/b/rm-ereader.appspot.com/o/audiobooks%2F16389%2Fenchanted_april_05_von_arnim_64kb.mp3?alt=media&token=dac8afbb-5b0e-47b2-8567-ede0a9981e3d"
    }
  },
  {
    "model": "ereader.audiotracks",
    "pk": 6,
    "fields": {
      "book": 10,
      "track_url": "https://firebasestorage.googleapis.com/v0/b/rm-ereader.appspot.com/o/audiobooks%2F16389%2Fenchanted_april_06_von_arnim_64kb.mp3?alt=media&token=bd098fce-7ffc-4280-a3ee-7608158c7018"
    }
  },
  {
    "model": "ereader.audiotracks",
    "pk": 7,
    "fields": {
      "book": 10,
      "track_url": "https://firebasestorage.googleapis.com/v0/b/rm-ereader.appspot.com/o/audiobooks%2F16389%2Fenchanted_april_07_von_arnim_64kb.mp3?alt=media&token=2a101ace-cd4b-4910-9ae0-a0e085af4583"
    }
  },
  {
    "model": "ereader.audiotracks",
    "pk": 8,
    "fields": {
      "book": 10,
      "track_url": "https://firebasestorage.googleapis.com/v0/b/rm-ereader.appspot.com/o/audiobooks%2F16389%2Fenchanted_april_08_von_arnim_64kb.mp3?alt=media&token=8adf3148-3b89-4cb0-b69b-290a9c8c3314"
    }
  },
  {
    "model": "ereader.audiotracks",
    "pk": 9,
    "fields": {
      "book": 10,
      "track_url": "https://firebasestorage.googleapis.com/v0/b/rm-ereader.appspot.com/o/audiobooks%2F16389%2Fenchanted_april_09_von_arnim_64kb.mp3?alt=media&token=f6e0baa2-0433-468b-81f8-a7832a68d0f1"
    }
  },
  {
    "model": "ereader.audiotracks",
    "pk": 10,
    "fields": {
      "book": 10,
      "track_url": "https://firebasestorage.googleapis.com/v0/b/rm-ereader.appspot.com/o/audiobooks%2F16389%2Fenchanted_april_10_von_arnim_64kb.mp3?alt=media&token=d80ac1e5-c368-4561-9ed2-d62d009ba560"
    }
  },
  {
    "model": "ereader.audiotracks",
    "pk": 11,
    "fields": {
      "book": 10,
      "track_url": "https://firebasestorage.googleapis.com/v0/b/rm-ereader.appspot.com/o/audiobooks%2F16389%2Fenchanted_april_11_von_arnim_64kb.mp3?alt=media&token=5ede2750-a6fd-4327-8265-fe65aa2f66bf"
    }
  },
  {
    "model": "ereader.audiotracks",
    "pk": 12,
    "fields": {
      "book": 10,
      "track_url": "https://firebasestorage.googleapis.com/v0/b/rm-ereader.appspot.com/o/audiobooks%2F16389%2Fenchanted_april_12_von_arnim_64kb.mp3?alt=media&token=f34bf47c-0b6b-43f8-aa28-0ca4283f5746"
    }
  },
  {
    "model": "ereader.audiotracks",
    "pk": 13,
    "fields": {
      "book": 10,
      "track_url": "https://firebasestorage.googleapis.com/v0/b/rm-ereader.appspot.com/o/audiobooks%2F16389%2Fenchanted_april_13_von_arnim_64kb.mp3?alt=media&token=cb06f1e4-cec4-4dd9-9553-3958fc9197c5"
    }
  },
  {
    "model": "ereader.audiotracks",
    "pk": 14,
    "fields": {
      "book": 10,
      "track_url": "https://firebasestorage.googleapis.com/v0/b/rm-ereader.appspot.com/o/audiobooks%2F16389%2Fenchanted_april_14_von_arnim_64kb.mp3?alt=media&token=2254c5d1-93c9-4f0d-a089-e9368541414f"
    }
  },
  {
    "model": "ereader.audiotracks",
    "pk": 15,
    "fields": {
      "book": 10,
      "track_url": "https://firebasestorage.googleapis.com/v0/b/rm-ereader.appspot.com/o/audiobooks%2F16389%2Fenchanted_april_15_von_arnim_64kb.mp3?alt=media&token=5589afa8-ab42-4b51-a2e5-78578a644879"
    }
  },
  {
    "model": "ereader.audiotracks",
    "pk": 16,
    "fields": {
      "book": 10,
      "track_url": "https://firebasestorage.googleapis.com/v0/b/rm-ereader.appspot.com/o/audiobooks%2F16389%2Fenchanted_april_16_von_arnim_64kb.mp3?alt=media&token=8eac4f97-9fd9-48e6-934d-df8f2370c77a"
    }
  },
  {
    "model": "ereader.audiotracks",
    "pk": 17,
    "fields": {
      "book": 10,
      "track_url": "https://firebasestorage.googleapis.com/v0/b/rm-ereader.appspot.com/o/audiobooks%2F16389%2Fenchanted_april_17_von_arnim_64kb.mp3?alt=media&token=67ce965b-7620-438e-adc8-7985745c9656"
    }
  },
  {
    "model": "ereader.audiotracks",
    "pk": 18,
    "fields": {
      "book": 10,
      "track_url": "https://firebasestorage.googleapis.com/v0/b/rm-ereader.appspot.com/o/audiobooks%2F16389%2Fenchanted_april_18_von_arnim_64kb.mp3?alt=media&token=b4c531b0-1ca0-4337-aa9d-c6451883ff34"
    }
  },
  {
    "model": "ereader.audiotracks",
    "pk": 19,
    "fields": {
      "book": 10,
      "track_url": "https://firebasestorage.googleapis.com/v0/b/rm-ereader.appspot.com/o/audiobooks%2F16389%2Fenchanted_april_19_von_arnim_64kb.mp3?alt=media&token=bb1187cc-6f6c-4703-9d43-df06bd6c6d55"
    }
  },
  {
    "model": "ereader.audiotracks",
    "pk": 20,
    "fields": {
      "book": 10,
      "track_url": "https://firebasestorage.googleapis.com/v0/b/rm-ereader.appspot.com/o/audiobooks%2F16389%2Fenchanted_april_20_von_arnim_64kb.mp3?alt=media&token=7e1a7278-c85d-4690-a30b-645c824ad1b5"
    }
  },
  {
    "model": "ereader.audiotracks",
    "pk": 21,
    "fields": {
      "book": 10,
      "track_url": "https://firebasestorage.googleapis.com/v0/b/rm-ereader.appspot.com/o/audiobooks%2F16389%2Fenchanted_april_21_von_arnim_64kb.mp3?alt=media&token=80e35183-5c33-422a-ae2e-a9bda6d4a2d9"
    }
  },
  {
    "model": "ereader.audiotracks",
    "pk": 22,
    "fields": {
      "book": 10,
      "track_url": "https://firebasestorage.googleapis.com/v0/b/rm-ereader.appspot.com/o/audiobooks%2F16389%2Fenchanted_april_22_von_arnim_64kb.mp3?alt=media&token=25c776ff-3ed6-42c5-881e-e99b5e676c55"
    }
  },
  {
    "model": "ereader.audiotracks",
    "pk": 23,
    "fields": {
      "book": 3,
      "track_url": "https://firebasestorage.googleapis.com/v0/b/rm-ereader.appspot.com/o/audiobooks%2F84%2Ffrankenstein_00_shelley_64kb.mp3?alt=media&token=1055ad93-63bd-4c85-8f62-0a421771c22e"
    }
  },
  {
    "model": "ereader.audiotracks",
    "pk": 24,
    "fields": {
      "book": 3,
      "track_url": "https://firebasestorage.googleapis.com/v0/b/rm-ereader.appspot.com/o/audiobooks%2F84%2Ffrankenstein_01_shelley_64kb.mp3?alt=media&token=e54a0063-888f-41fb-b225-52a5c3e21ac5"
    }
  },
  {
    "model": "ereader.audiotracks",
    "pk": 25,
    "fields": {
      "book": 3,
      "track_url": "https://firebasestorage.googleapis.com/v0/b/rm-ereader.appspot.com/o/audiobooks%2F84%2Ffrankenstein_02_shelley_64kb.mp3?alt=media&token=bf43aee8-160b-4c99-b6f3-ce2a1ee2300f"
    }
  },
  {
    "model": "ereader.audiotracks",
    "pk": 26,
    "fields": {
      "book": 3,
      "track_url": "https://firebasestorage.googleapis.com/v0/b/rm-ereader.appspot.com/o/audiobooks%2F84%2Ffrankenstein_03_shelley_64kb.mp3?alt=media&token=b217787d-1a8b-45c7-b0f8-cf34d3bac8cb"
    }
  },
  {
    "model": "ereader.audiotracks",
    "pk": 27,
    "fields": {
      "book": 3,
      "track_url": "https://firebasestorage.googleapis.com/v0/b/rm-ereader.appspot.com/o/audiobooks%2F84%2Ffrankenstein_04_shelley_64kb.mp3?alt=media&token=12436d8e-41a4-4036-89eb-8805d2ee6359"
    }
  },
  {
    "model": "ereader.audiotracks",
    "pk": 28,
    "fields": {
      "book": 3,
      "track_url": "https://firebasestorage.googleapis.com/v0/b/rm-ereader.appspot.com/o/audiobooks%2F84%2Ffrankenstein_05_shelley_64kb.mp3?alt=media&token=988846a3-9364-4197-9a72-984ec9ed4d96"
    }
  },
  {
    "model": "ereader.audiotracks",
    "pk": 29,
    "fields": {
      "book": 3,
      "track_url": "https://firebasestorage.googleapis.com/v0/b/rm-ereader.appspot.com/o/audiobooks%2F84%2Ffrankenstein_06_shelley_64kb.mp3?alt=media&token=d9d9e70a-e8c7-4805-9473-ff2b7179555c"
    }
  },
  {
    "model": "ereader.audiotracks",
    "pk": 30,
    "fields": {
      "book": 3,
      "track_url": "https://firebasestorage.googleapis.com/v0/b/rm-ereader.appspot.com/o/audiobooks%2F84%2Ffrankenstein_07_shelley_64kb.mp3?alt=media&token=dbdb0e87-5f9c-4956-87d1-b04d8c8da363"
    }
  },
  {
    "model": "ereader.audiotracks",
    "pk": 31,
    "fields": {
      "book": 3,
      "track_url": "https://firebasestorage.googleapis.com/v0/b/rm-ereader.appspot.com/o/audiobooks%2F84%2Ffrankenstein_08_shelley_64kb.mp3?alt=media&token=56b848c0-8a49-4c84-808d-d33baa9a47a3"
    }
  },
  {
    "model": "ereader.audiotracks",
    "pk": 32,
    "fields": {
      "book": 3,
      "track_url": "https://firebasestorage.googleapis.com/v0/b/rm-ereader.appspot.com/o/audiobooks%2F84%2Ffrankenstein_09_shelley_64kb.mp3?alt=media&token=fd6aa731-69bf-4109-b165-8b0dabc78683"
    }
  },
  {
    "model": "ereader.audiotracks",
    "pk": 33,
    "fields": {
      "book": 3,
      "track_url": "https://firebasestorage.googleapis.com/v0/b/rm-ereader.appspot.com/o/audiobooks%2F84%2Ffrankenstein_10_shelley_64kb.mp3?alt=media&token=75601c71-fe96-4081-8815-6f7ec514aa1c"
    }
  },
  {
    "model": "ereader.audiotracks",
    "pk": 34,
    "fields": {
      "book": 3,
      "track_url": "https://firebasestorage.googleapis.com/v0/b/rm-ereader.appspot.com/o/audiobooks%2F84%2Ffrankenstein_11_shelley_64kb.mp3?alt=media&token=7a592dc8-c60e-4bdc-bc80-a2038b4a947b"
    }
  },
  {
    "model": "ereader.audiotracks",
    "pk": 35,
    "fields": {
      "book": 3,
      "track_url": "https://firebasestorage.googleapis.com/v0/b/rm-ereader.appspot.com/o/audiobooks%2F84%2Ffrankenstein_12_shelley_64kb.mp3?alt=media&token=633b3ce9-6d9f-4934-b79e-50c559016de1"
    }
  },
  {
    "model": "ereader.audiotracks",
    "pk": 36,
    "fields": {
      "book": 3,
      "track_url": "https://firebasestorage.googleapis.com/v0/b/rm-ereader.appspot.com/o/audiobooks%2F84%2Ffrankenstein_13_shelley_64kb.mp3?alt=media&token=b9ea6eba-2ba8-42e7-bfb2-a2620f30c521"
    }
  },
  {
    "model": "ereader.audiotracks",
    "pk": 37,
    "fields": {
      "book": 3,
      "track_url": "https://firebasestorage.googleapis.com/v0/b/rm-ereader.appspot.com/o/audiobooks%2F84%2Ffrankenstein_14_shelley_64kb.mp3?alt=media&token=e2cfbced-c6ea-428e-b5e6-032479f69787"
    }
  },
  {
    "model": "ereader.audiotracks",
    "pk": 38,
    "fields": {
      "book": 3,
      "track_url": "https://firebasestorage.googleapis.com/v0/b/rm-ereader.appspot.com/o/audiobooks%2F84%2Ffrankenstein_15_shelley_64kb.mp3?alt=media&token=48b3869d-997b-4bb6-9c85-b4d5d6b94a44"
    }
  },
  {
    "model": "ereader.audiotracks",
    "pk": 39,
    "fields": {
      "book": 3,
      "track_url": "https://firebasestorage.googleapis.com/v0/b/rm-ereader.appspot.com/o/audiobooks%2F84%2Ffrankenstein_16_shelley_64kb.mp3?alt=media&token=fe0ffb2e-ce23-468c-aa15-ccd25a160304"
    }
  },
  {
    "model": "ereader.audiotracks",
    "pk": 40,
    "fields": {
      "book": 3,
      "track_url": "https://firebasestorage.googleapis.com/v0/b/rm-ereader.appspot.com/o/audiobooks%2F84%2Ffrankenstein_17_shelley_64kb.mp3?alt=media&token=d7ef1c16-bc76-4aa2-915b-9a0dbfe09292"
    }
  },
  {
    "model": "ereader.audiotracks",
    "pk": 41,
    "fields": {
      "book": 3,
      "track_url": "https://firebasestorage.googleapis.com/v0/b/rm-ereader.appspot.com/o/audiobooks%2F84%2Ffrankenstein_18_shelley_64kb.mp3?alt=media&token=1993bf7a-85f8-488c-b022-5bc8841576f4"
    }
  },
  {
    "model": "ereader.audiotracks",
    "pk": 42,
    "fields": {
      "book": 3,
      "track_url": "https://firebasestorage.googleapis.com/v0/b/rm-ereader.appspot.com/o/audiobooks%2F84%2Ffrankenstein_19_shelley_64kb.mp3?alt=media&token=5ad43f8e-3784-4714-94c5-bda378b29753"
    }
  },
  {
    "model": "ereader.audiotracks",
    "pk": 43,
    "fields": {
      "book": 3,
      "track_url": "https://firebasestorage.googleapis.com/v0/b/rm-ereader.appspot.com/o/audiobooks%2F84%2Ffrankenstein_20_shelley_64kb.mp3?alt=media&token=ddc2b77e-e913-4faf-bb79-890e5a0a44cd"
    }
  },
  {
    "model": "ereader.audiotracks",
    "pk": 44,
    "fields": {
      "book": 3,
      "track_url": "https://firebasestorage.googleapis.com/v0/b/rm-ereader.appspot.com/o/audiobooks%2F84%2Ffrankenstein_21_shelley_64kb.mp3?alt=media&token=66870c08-9125-4969-83b3-628410b580ca"
    }
  },
  {
    "model": "ereader.audiotracks",
    "pk": 45,
    "fields": {
      "book": 9,
      "track_url": "https://firebasestorage.googleapis.com/v0/b/rm-ereader.appspot.com/o/audiobooks%2F37106%2Flittlewomen_01_alcott_64kb.mp3?alt=media&token=3e30eaf1-c9f5-4d1b-92a8-5faa3173a2f5"
    }
  },
  {
    "model": "ereader.audiotracks",
    "pk": 46,
    "fields": {
      "book": 9,
      "track_url": "https://firebasestorage.googleapis.com/v0/b/rm-ereader.appspot.com/o/audiobooks%2F37106%2Flittlewomen_02_alcott_64kb.mp3?alt=media&token=7948d315-bc04-4438-8197-0f6d0c854457"
    }
  },
  {
    "model": "ereader.audiotracks",
    "pk": 47,
    "fields": {
      "book": 9,
      "track_url": "https://firebasestorage.googleapis.com/v0/b/rm-ereader.appspot.com/o/audiobooks%2F37106%2Flittlewomen_03_alcott_64kb.mp3?alt=media&token=43034a3a-916e-490b-a029-a8c30cdff4b6"
    }
  },
  {
    "model": "ereader.audiotracks",
    "pk": 48,
    "fields": {
      "book": 9,
      "track_url": "https://firebasestorage.googleapis.com/v0/b/rm-ereader.appspot.com/o/audiobooks%2F37106%2Flittlewomen_04_alcott_64kb.mp3?alt=media&token=75b621ea-53cd-460d-9701-54ca84875502"
    }
  },
  {
    "model": "ereader.audiotracks",
    "pk": 49,
    "fields": {
      "book": 9,
      "track_url": "https://firebasestorage.googleapis.com/v0/b/rm-ereader.appspot.com/o/audiobooks%2F37106%2Flittlewomen_05_alcott_64kb.mp3?alt=media&token=9c2864e9-1008-43e7-a1ee-f5a035f10fea"
    }
  },
  {
    "model": "ereader.audiotracks",
    "pk": 50,
    "fields": {
      "book": 9,
      "track_url": "https://firebasestorage.googleapis.com/v0/b/rm-ereader.appspot.com/o/audiobooks%2F37106%2Flittlewomen_06_alcott_64kb.mp3?alt=media&token=a18add5a-57cb-417c-8e4f-2263428cf864"
    }
  },
  {
    "model": "ereader.audiotracks",
    "pk": 51,
    "fields": {
      "book": 9,
      "track_url": "https://firebasestorage.googleapis.com/v0/b/rm-ereader.appspot.com/o/audiobooks%2F37106%2Flittlewomen_07_alcott_64kb.mp3?alt=media&token=2d41db6c-400d-4676-8410-86f63ab9c6e7"
    }
  },
  {
    "model": "ereader.audiotracks",
    "pk": 52,
    "fields": {
      "book": 9,
      "track_url": "https://firebasestorage.googleapis.com/v0/b/rm-ereader.appspot.com/o/audiobooks%2F37106%2Flittlewomen_08_alcott_64kb.mp3?alt=media&token=29537efe-631d-4c34-aa63-74a6b9139544"
    }
  },
  {
    "model": "ereader.audiotracks",
    "pk": 53,
    "fields": {
      "book": 9,
      "track_url": "https://firebasestorage.googleapis.com/v0/b/rm-ereader.appspot.com/o/audiobooks%2F37106%2Flittlewomen_09_alcott_64kb.mp3?alt=media&token=7f61888c-5c8a-4962-9b18-dc6653c1be34"
    }
  },
  {
    "model": "ereader.audiotracks",
    "pk": 54,
    "fields": {
      "book": 9,
      "track_url": "https://firebasestorage.googleapis.com/v0/b/rm-ereader.appspot.com/o/audiobooks%2F37106%2Flittlewomen_10_alcott_64kb.mp3?alt=media&token=2f3163a3-252d-4de6-a5a9-a2b3a65328ed"
    }
  },
  {
    "model": "ereader.audiotracks",
    "pk": 55,
    "fields": {
      "book": 9,
      "track_url": "https://firebasestorage.googleapis.com/v0/b/rm-ereader.appspot.com/o/audiobooks%2F37106%2Flittlewomen_11_alcott_64kb.mp3?alt=media&token=d2ccd048-d5a9-48c1-8a19-8f9ff3bb9243"
    }
  },
  {
    "model": "ereader.audiotracks",
    "pk": 56,
    "fields": {
      "book": 9,
      "track_url": "https://firebasestorage.googleapis.com/v0/b/rm-ereader.appspot.com/o/audiobooks%2F37106%2Flittlewomen_12_alcott_64kb.mp3?alt=media&token=3efc6991-09cf-45ac-a56d-121a8053af76"
    }
  },
  {
    "model": "ereader.audiotracks",
    "pk": 57,
    "fields": {
      "book": 9,
      "track_url": "https://firebasestorage.googleapis.com/v0/b/rm-ereader.appspot.com/o/audiobooks%2F37106%2Flittlewomen_13_alcott_64kb.mp3?alt=media&token=c57091f4-0d91-42a9-8e93-9c3d9ab11ee1"
    }
  },
  {
    "model": "ereader.audiotracks",
    "pk": 58,
    "fields": {
      "book": 9,
      "track_url": "https://firebasestorage.googleapis.com/v0/b/rm-ereader.appspot.com/o/audiobooks%2F37106%2Flittlewomen_14_alcott_64kb.mp3?alt=media&token=9c9fc4f1-ed33-4f6c-9c49-21c66a63673d"
    }
  },
  {
    "model": "ereader.audiotracks",
    "pk": 59,
    "fields": {
      "book": 9,
      "track_url": "https://firebasestorage.googleapis.com/v0/b/rm-ereader.appspot.com/o/audiobooks%2F37106%2Flittlewomen_15_alcott_64kb.mp3?alt=media&token=a765cc77-ad07-402c-be61-6cbb3482feb7"
    }
  },
  {
    "model": "ereader.audiotracks",
    "pk": 60,
    "fields": {
      "book": 9,
      "track_url": "https://firebasestorage.googleapis.com/v0/b/rm-ereader.appspot.com/o/audiobooks%2F37106%2Flittlewomen_16_alcott_64kb.mp3?alt=media&token=fae9c781-965f-4a49-9ae0-612ef7e3fd06"
    }
  },
  {
    "model": "ereader.audiotracks",
    "pk": 61,
    "fields": {
      "book": 9,
      "track_url": "https://firebasestorage.googleapis.com/v0/b/rm-ereader.appspot.com/o/audiobooks%2F37106%2Flittlewomen_17_alcott_64kb.mp3?alt=media&token=b4b11a0c-cb82-4a61-bea2-4ebec1781222"
    }
  },
  {
    "model": "ereader.audiotracks",
    "pk": 62,
    "fields": {
      "book": 9,
      "track_url": "https://firebasestorage.googleapis.com/v0/b/rm-ereader.appspot.com/o/audiobooks%2F37106%2Flittlewomen_18_alcott_64kb.mp3?alt=media&token=839d956b-72dd-42a5-baa9-7ec37be56b9b"
    }
  },
  {
    "model": "ereader.audiotracks",
    "pk": 63,
    "fields": {
      "book": 9,
      "track_url": "https://firebasestorage.googleapis.com/v0/b/rm-ereader.appspot.com/o/audiobooks%2F37106%2Flittlewomen_19_alcott_64kb.mp3?alt=media&token=3d6379ff-567e-47a6-be45-dd0a0ce0ae48"
    }
  },
  {
    "model": "ereader.audiotracks",
    "pk": 64,
    "fields": {
      "book": 9,
      "track_url": "https://firebasestorage.googleapis.com/v0/b/rm-ereader.appspot.com/o/audiobooks%2F37106%2Flittlewomen_20_alcott_64kb.mp3?alt=media&token=92aec4b6-8daa-46f2-8a75-3884232078e2"
    }
  },
  {
    "model": "ereader.audiotracks",
    "pk": 65,
    "fields": {
      "book": 9,
      "track_url": "https://firebasestorage.googleapis.com/v0/b/rm-ereader.appspot.com/o/audiobooks%2F37106%2Flittlewomen_21_alcott_64kb.mp3?alt=media&token=9052a501-7986-41bf-99f4-a398ada36945"
    }
  },
  {
    "model": "ereader.audiotracks",
    "pk": 66,
    "fields": {
      "book": 9,
      "track_url": "https://firebasestorage.googleapis.com/v0/b/rm-ereader.appspot.com/o/audiobooks%2F37106%2Flittlewomen_22_alcott_64kb.mp3?alt=media&token=5dfd9084-197d-4722-ba47-71f388a0aeec"
    }
  },
  {
    "model": "ereader.audiotracks",
    "pk": 67,
    "fields": {
      "book": 9,
      "track_url": "https://firebasestorage.googleapis.com/v0/b/rm-ereader.appspot.com/o/audiobooks%2F37106%2Flittlewomen_23_alcott_64kb.mp3?alt=media&token=f1977bdb-5766-46a8-905d-9b7d2eb7a171"
    }
  },
  {
    "model": "ereader.audiotracks",
    "pk": 68,
    "fields": {
      "book": 9,
      "track_url": "https://firebasestorage.googleapis.com/v0/b/rm-ereader.appspot.com/o/audiobooks%2F37106%2Flittlewomen_24_alcott_64kb.mp3?alt=media&token=4a3c413e-4be1-4dcd-a822-9a6b680d6672"
    }
  },
  {
    "model": "ereader.audiotracks",
    "pk": 69,
    "fields": {
      "book": 9,
      "track_url": "https://firebasestorage.googleapis.com/v0/b/rm-ereader.appspot.com/o/audiobooks%2F37106%2Flittlewomen_25_alcott_64kb.mp3?alt=media&token=6ede2698-884d-461b-8ead-fe00fc785308"
    }
  },
  {
    "model": "ereader.audiotracks",
    "pk": 70,
    "fields": {
      "book": 9,
      "track_url": "https://firebasestorage.googleapis.com/v0/b/rm-ereader.appspot.com/o/audiobooks%2F37106%2Flittlewomen_26_alcott_64kb.mp3?alt=media&token=2ad9ba08-e8fa-4a9f-951a-b39ff0f33cac"
    }
  },
  {
    "model": "ereader.audiotracks",
    "pk": 71,
    "fields": {
      "book": 9,
      "track_url": "https://firebasestorage.googleapis.com/v0/b/rm-ereader.appspot.com/o/audiobooks%2F37106%2Flittlewomen_27_alcott_64kb.mp3?alt=media&token=efb02c40-87ea-448f-a56b-c9633a935060"
    }
  },
  {
    "model": "ereader.audiotracks",
    "pk": 72,
    "fields": {
      "book": 9,
      "track_url": "https://firebasestorage.googleapis.com/v0/b/rm-ereader.appspot.com/o/audiobooks%2F37106%2Flittlewomen_28_alcott_64kb.mp3?alt=media&token=80da02fa-0ef7-45d0-82b3-323a93fc2413"
    }
  },
  {
    "model": "ereader.audiotracks",
    "pk": 73,
    "fields": {
      "book": 9,
      "track_url": "https://firebasestorage.googleapis.com/v0/b/rm-ereader.appspot.com/o/audiobooks%2F37106%2Flittlewomen_29_alcott_64kb.mp3?alt=media&token=f01101ed-081c-413e-8815-263fdf27134b"
    }
  },
  {
    "model": "ereader.audiotracks",
    "pk": 74,
    "fields": {
      "book": 9,
      "track_url": "https://firebasestorage.googleapis.com/v0/b/rm-ereader.appspot.com/o/audiobooks%2F37106%2Flittlewomen_30_alcott_64kb.mp3?alt=media&token=5af43614-e91f-41ff-8b7b-52c75e7bf882"
    }
  },
  {
    "model": "ereader.audiotracks",
    "pk": 75,
    "fields": {
      "book": 9,
      "track_url": "https://firebasestorage.googleapis.com/v0/b/rm-ereader.appspot.com/o/audiobooks%2F37106%2Flittlewomen_31_alcott_64kb.mp3?alt=media&token=de5f6765-470d-4317-a688-036e1f763f88"
    }
  },
  {
    "model": "ereader.audiotracks",
    "pk": 76,
    "fields": {
      "book": 9,
      "track_url": "https://firebasestorage.googleapis.com/v0/b/rm-ereader.appspot.com/o/audiobooks%2F37106%2Flittlewomen_32_alcott_64kb.mp3?alt=media&token=498eaac3-6b20-4992-8b6f-c44749117d24"
    }
  },
  {
    "model": "ereader.audiotracks",
    "pk": 77,
    "fields": {
      "book": 9,
      "track_url": "https://firebasestorage.googleapis.com/v0/b/rm-ereader.appspot.com/o/audiobooks%2F37106%2Flittlewomen_33_alcott_64kb.mp3?alt=media&token=4e889657-82c0-465e-ba76-85e2dc9da7b2"
    }
  },
  {
    "model": "ereader.audiotracks",
    "pk": 78,
    "fields": {
      "book": 9,
      "track_url": "https://firebasestorage.googleapis.com/v0/b/rm-ereader.appspot.com/o/audiobooks%2F37106%2Flittlewomen_33_alcott_64kb.mp3?alt=media&token=4e889657-82c0-465e-ba76-85e2dc9da7b2"
    }
  },
  {
    "model": "ereader.audiotracks",
    "pk": 79,
    "fields": {
      "book": 9,
      "track_url": "https://firebasestorage.googleapis.com/v0/b/rm-ereader.appspot.com/o/audiobooks%2F37106%2Flittlewomen_35_alcott_64kb.mp3?alt=media&token=c328ecbc-a3c0-4245-9cfd-ca45b9e489b7"
    }
  },
  {
    "model": "ereader.audiotracks",
    "pk": 80,
    "fields": {
      "book": 9,
      "track_url": "https://firebasestorage.googleapis.com/v0/b/rm-ereader.appspot.com/o/audiobooks%2F37106%2Flittlewomen_36_alcott_64kb.mp3?alt=media&token=0208eb2b-ce73-45a3-89e4-70677f6cf605"
    }
  },
  {
    "model": "ereader.audiotracks",
    "pk": 81,
    "fields": {
      "book": 9,
      "track_url": "https://firebasestorage.googleapis.com/v0/b/rm-ereader.appspot.com/o/audiobooks%2F37106%2Flittlewomen_37_alcott_64kb.mp3?alt=media&token=51330f0d-4072-4d93-a7df-62c7f5a08517"
    }
  },
  {
    "model": "ereader.audiotracks",
    "pk": 82,
    "fields": {
      "book": 9,
      "track_url": "https://firebasestorage.googleapis.com/v0/b/rm-ereader.appspot.com/o/audiobooks%2F37106%2Flittlewomen_38_alcott_64kb.mp3?alt=media&token=6e853069-e358-461a-b2a5-cf7005a9edb9"
    }
  },
  {
    "model": "ereader.audiotracks",
    "pk": 83,
    "fields": {
      "book": 9,
      "track_url": "https://firebasestorage.googleapis.com/v0/b/rm-ereader.appspot.com/o/audiobooks%2F37106%2Flittlewomen_39_alcott_64kb.mp3?alt=media&token=9553560e-b8d8-4805-9c38-8ce2250bc382"
    }
  },
  {
    "model": "ereader.audiotracks",
    "pk": 84,
    "fields": {
      "book": 9,
      "track_url": "https://firebasestorage.googleapis.com/v0/b/rm-ereader.appspot.com/o/audiobooks%2F37106%2Flittlewomen_40_alcott_64kb.mp3?alt=media&token=d9bfe19c-dbd9-462a-8590-c093872edbec"
    }
  },
  {
    "model": "ereader.audiotracks",
    "pk": 85,
    "fields": {
      "book": 9,
      "track_url": "https://firebasestorage.googleapis.com/v0/b/rm-ereader.appspot.com/o/audiobooks%2F37106%2Flittlewomen_41_alcott_64kb.mp3?alt=media&token=1c8681c5-c088-4425-a508-63d8c601686e"
    }
  },
  {
    "model": "ereader.audiotracks",
    "pk": 86,
    "fields": {
      "book": 9,
      "track_url": "https://firebasestorage.googleapis.com/v0/b/rm-ereader.appspot.com/o/audiobooks%2F37106%2Flittlewomen_42_alcott_64kb.mp3?alt=media&token=9afaff33-84ac-4e32-aa1c-61ae37d625b4"
    }
  },
  {
    "model": "ereader.audiotracks",
    "pk": 87,
    "fields": {
      "book": 9,
      "track_url": "https://firebasestorage.googleapis.com/v0/b/rm-ereader.appspot.com/o/audiobooks%2F37106%2Flittlewomen_43_alcott_64kb.mp3?alt=media&token=a37ed292-e8e4-432a-8be0-ffbbf788ad70"
    }
  },
  {
    "model": "ereader.audiotracks",
    "pk": 88,
    "fields": {
      "book": 9,
      "track_url": "https://firebasestorage.googleapis.com/v0/b/rm-ereader.appspot.com/o/audiobooks%2F37106%2Flittlewomen_44_alcott_64kb.mp3?alt=media&token=b73d2cc9-ce26-44e0-b5da-3722663c0f78"
    }
  },
  {
    "model": "ereader.audiotracks",
    "pk": 89,
    "fields": {
      "book": 9,
      "track_url": "https://firebasestorage.googleapis.com/v0/b/rm-ereader.appspot.com/o/audiobooks%2F37106%2Flittlewomen_45_alcott_64kb.mp3?alt=media&token=974e09b6-1f5f-4375-8afd-ea67e61678b0"
    }
  },
  {
    "model": "ereader.audiotracks",
    "pk": 90,
    "fields": {
      "book": 9,
      "track_url": "https://firebasestorage.googleapis.com/v0/b/rm-ereader.appspot.com/o/audiobooks%2F37106%2Flittlewomen_46_alcott_64kb.mp3?alt=media&token=8cbb1dd4-7083-41ad-b18a-81c9fab05722"
    }
  },
  {
    "model": "ereader.audiotracks",
    "pk": 91,
    "fields": {
      "book": 9,
      "track_url": "https://firebasestorage.googleapis.com/v0/b/rm-ereader.appspot.com/o/audiobooks%2F37106%2Flittlewomen_47_alcott_64kb.mp3?alt=media&token=b403f4b3-d1fc-459a-962c-4fc347aca394"
    }
  },
  {
    "model": "ereader.audiotracks",
    "pk": 92,
    "fields": {
      "book": 1,
      "track_url": "https://firebasestorage.googleapis.com/v0/b/rm-ereader.appspot.com/o/audiobooks%2F77%2Fhouseofsevengables_00_hawthorne_64kb.mp3?alt=media&token=992f9e07-2d98-46e0-891c-7b26cbfc613f"
    }
  },
  {
    "model": "ereader.audiotracks",
    "pk": 93,
    "fields": {
      "book": 1,
      "track_url": "https://firebasestorage.googleapis.com/v0/b/rm-ereader.appspot.com/o/audiobooks%2F77%2Fhouseofsevengables_01_hawthorne_64kb.mp3?alt=media&token=ef133f7e-e332-4981-83dc-2ffcbb916596"
    }
  },
  {
    "model": "ereader.audiotracks",
    "pk": 94,
    "fields": {
      "book": 1,
      "track_url": "https://firebasestorage.googleapis.com/v0/b/rm-ereader.appspot.com/o/audiobooks%2F77%2Fhouseofsevengables_02_hawthorne_64kb.mp3?alt=media&token=df5ed6fe-935d-45e4-82ff-5843fc7146d1"
    }
  },
  {
    "model": "ereader.audiotracks",
    "pk": 95,
    "fields": {
      "book": 1,
      "track_url": "https://firebasestorage.googleapis.com/v0/b/rm-ereader.appspot.com/o/audiobooks%2F77%2Fhouseofsevengables_03_hawthorne_64kb.mp3?alt=media&token=4840ca9e-b1b7-41a3-966a-dac5794a1e2c"
    }
  },
  {
    "model": "ereader.audiotracks",
    "pk": 96,
    "fields": {
      "book": 1,
      "track_url": "https://firebasestorage.googleapis.com/v0/b/rm-ereader.appspot.com/o/audiobooks%2F77%2Fhouseofsevengables_04_hawthorne_64kb.mp3?alt=media&token=f39bd1d3-f7c7-410a-9901-5bd77aec074a"
    }
  },
  {
    "model": "ereader.audiotracks",
    "pk": 97,
    "fields": {
      "book": 1,
      "track_url": "https://firebasestorage.googleapis.com/v0/b/rm-ereader.appspot.com/o/audiobooks%2F77%2Fhouseofsevengables_05_hawthorne_64kb.mp3?alt=media&token=aa7d7ca9-aaa9-4a93-8492-f8a9cabe3c09"
    }
  },
  {
    "model": "ereader.audiotracks",
    "pk": 98,
    "fields": {
      "book": 1,
      "track_url": "https://firebasestorage.googleapis.com/v0/b/rm-ereader.appspot.com/o/audiobooks%2F77%2Fhouseofsevengables_06_hawthorne_64kb.mp3?alt=media&token=dab59b8e-df21-4a81-be1f-7bdc635486c9"
    }
  },
  {
    "model": "ereader.audiotracks",
    "pk": 99,
    "fields": {
      "book": 1,
      "track_url": "https://firebasestorage.googleapis.com/v0/b/rm-ereader.appspot.com/o/audiobooks%2F77%2Fhouseofsevengables_07_hawthorne_64kb.mp3?alt=media&token=98702559-eb74-4c64-b5d0-ddb6eb0c6822"
    }
  },
  {
    "model": "ereader.audiotracks",
    "pk": 100,
    "fields": {
      "book": 1,
      "track_url": "https://firebasestorage.googleapis.com/v0/b/rm-ereader.appspot.com/o/audiobooks%2F77%2Fhouseofsevengables_08_hawthorne_64kb.mp3?alt=media&token=42b60d80-a406-402c-a485-e90b724e0baa"
    }
  },
  {
    "model": "ereader.audiotracks",
    "pk": 101,
    "fields": {
      "book": 1,
      "track_url": "https://firebasestorage.googleapis.com/v0/b/rm-ereader.appspot.com/o/audiobooks%2F77%2Fhouseofsevengables_09_hawthorne_64kb.mp3?alt=media&token=a4cd61a1-937e-4863-9cd3-46c9a286be66"
    }
  },
  {
    "model": "ereader.audiotracks",
    "pk": 102,
    "fields": {
      "book": 1,
      "track_url": "https://firebasestorage.googleapis.com/v0/b/rm-ereader.appspot.com/o/audiobooks%2F77%2Fhouseofsevengables_10_hawthorne_64kb.mp3?alt=media&token=35d068b3-197f-4b7d-aa5c-63c9e025dd8a"
    }
  },
  {
    "model": "ereader.audiotracks",
    "pk": 103,
    "fields": {
      "book": 1,
      "track_url": "https://firebasestorage.googleapis.com/v0/b/rm-ereader.appspot.com/o/audiobooks%2F77%2Fhouseofsevengables_11_hawthorne_64kb.mp3?alt=media&token=4f7e22ef-d069-40b0-91ae-f3817ea81f8c"
    }
  },
  {
    "model": "ereader.audiotracks",
    "pk": 104,
    "fields": {
      "book": 1,
      "track_url": "https://firebasestorage.googleapis.com/v0/b/rm-ereader.appspot.com/o/audiobooks%2F77%2Fhouseofsevengables_12_hawthorne_64kb.mp3?alt=media&token=72be1144-596b-49e0-b20d-87f704ea0a0b"
    }
  },
  {
    "model": "ereader.audiotracks",
    "pk": 105,
    "fields": {
      "book": 1,
      "track_url": "https://firebasestorage.googleapis.com/v0/b/rm-ereader.appspot.com/o/audiobooks%2F77%2Fhouseofsevengables_13_hawthorne_64kb.mp3?alt=media&token=3c2f08d5-bfa8-4a51-b2ef-276e415f6950"
    }
  },
  {
    "model": "ereader.audiotracks",
    "pk": 106,
    "fields": {
      "book": 1,
      "track_url": "https://firebasestorage.googleapis.com/v0/b/rm-ereader.appspot.com/o/audiobooks%2F77%2Fhouseofsevengables_14_hawthorne_64kb.mp3?alt=media&token=94f27c46-741b-4da0-8bbe-bdf1ce43c2f6"
    }
  },
  {
    "model": "ereader.audiotracks",
    "pk": 107,
    "fields": {
      "book": 1,
      "track_url": "https://firebasestorage.googleapis.com/v0/b/rm-ereader.appspot.com/o/audiobooks%2F77%2Fhouseofsevengables_15_hawthorne_64kb.mp3?alt=media&token=490e0b68-0a79-4b76-b0af-65ff1353ffe9"
    }
  },
  {
    "model": "ereader.audiotracks",
    "pk": 108,
    "fields": {
      "book": 1,
      "track_url": "https://firebasestorage.googleapis.com/v0/b/rm-ereader.appspot.com/o/audiobooks%2F77%2Fhouseofsevengables_16_hawthorne_64kb.mp3?alt=media&token=d2ba2081-2594-442e-a3a8-510529e724b0"
    }
  },
  {
    "model": "ereader.audiotracks",
    "pk": 109,
    "fields": {
      "book": 1,
      "track_url": "https://firebasestorage.googleapis.com/v0/b/rm-ereader.appspot.com/o/audiobooks%2F77%2Fhouseofsevengables_17_hawthorne_64kb.mp3?alt=media&token=5c58a87b-07f7-4110-b55c-f018b46bb0d4"
    }
  },
  {
    "model": "ereader.audiotracks",
    "pk": 110,
    "fields": {
      "book": 1,
      "track_url": "https://firebasestorage.googleapis.com/v0/b/rm-ereader.appspot.com/o/audiobooks%2F77%2Fhouseofsevengables_18_hawthorne_64kb.mp3?alt=media&token=7a2a8580-0cb6-436a-a1f1-4370c699180e"
    }
  },
  {
    "model": "ereader.audiotracks",
    "pk": 111,
    "fields": {
      "book": 1,
      "track_url": "https://firebasestorage.googleapis.com/v0/b/rm-ereader.appspot.com/o/audiobooks%2F77%2Fhouseofsevengables_19_hawthorne_64kb.mp3?alt=media&token=d1169e63-f349-42c0-a623-5a8cb72ef9aa"
    }
  },
  {
    "model": "ereader.audiotracks",
    "pk": 112,
    "fields": {
      "book": 1,
      "track_url": "https://firebasestorage.googleapis.com/v0/b/rm-ereader.appspot.com/o/audiobooks%2F77%2Fhouseofsevengables_20_hawthorne_64kb.mp3?alt=media&token=76b7ae9f-3b8d-4f10-b460-67d3e2b5a5a4"
    }
  },
  {
    "model": "ereader.audiotracks",
    "pk": 113,
    "fields": {
      "book": 1,
      "track_url": "https://firebasestorage.googleapis.com/v0/b/rm-ereader.appspot.com/o/audiobooks%2F77%2Fhouseofsevengables_21_hawthorne_64kb.mp3?alt=media&token=0bdbf987-137c-4367-9db1-149842525593"
    }
  },
  {
    "model": "ereader.audiotracks",
    "pk": 114,
    "fields": {
      "book": 2,
      "track_url": "https://firebasestorage.googleapis.com/v0/b/rm-ereader.appspot.com/o/audiobooks%2F76%2Fhuckfinn_01_twain_apc_64kb.mp3?alt=media&token=8a05918a-fcf1-4359-81f1-7900f791ed1c"
    }
  },
  {
    "model": "ereader.audiotracks",
    "pk": 115,
    "fields": {
      "book": 2,
      "track_url": "https://firebasestorage.googleapis.com/v0/b/rm-ereader.appspot.com/o/audiobooks%2F76%2Fhuckfinn_02_twain_apc_64kb.mp3?alt=media&token=e098bf60-43d7-4e23-a9d9-758f08f5d1ad"
    }
  },
  {
    "model": "ereader.audiotracks",
    "pk": 116,
    "fields": {
      "book": 2,
      "track_url": "https://firebasestorage.googleapis.com/v0/b/rm-ereader.appspot.com/o/audiobooks%2F76%2Fhuckfinn_03_twain_apc_64kb.mp3?alt=media&token=89ddac0a-bdb2-4055-acab-8d9b591c800f"
    }
  },
  {
    "model": "ereader.audiotracks",
    "pk": 117,
    "fields": {
      "book": 2,
      "track_url": "https://firebasestorage.googleapis.com/v0/b/rm-ereader.appspot.com/o/audiobooks%2F76%2Fhuckfinn_04_twain_apc_64kb.mp3?alt=media&token=7de994e9-57ea-4a47-8fdd-8df4bea28bb0"
    }
  },
  {
    "model": "ereader.audiotracks",
    "pk": 118,
    "fields": {
      "book": 2,
      "track_url": "https://firebasestorage.googleapis.com/v0/b/rm-ereader.appspot.com/o/audiobooks%2F76%2Fhuckfinn_05_twain_apc_64kb.mp3?alt=media&token=1721486d-3f03-4d11-af29-8f4af79389a4"
    }
  },
  {
    "model": "ereader.audiotracks",
    "pk": 119,
    "fields": {
      "book": 2,
      "track_url": "https://firebasestorage.googleapis.com/v0/b/rm-ereader.appspot.com/o/audiobooks%2F76%2Fhuckfinn_06_twain_apc_64kb.mp3?alt=media&token=e6000b53-308c-4b8f-806e-87adb95243ac"
    }
  },
  {
    "model": "ereader.audiotracks",
    "pk": 120,
    "fields": {
      "book": 2,
      "track_url": "https://firebasestorage.googleapis.com/v0/b/rm-ereader.appspot.com/o/audiobooks%2F76%2Fhuckfinn_07_twain_apc_64kb.mp3?alt=media&token=60544c05-67de-4022-b54f-f74b5138116d"
    }
  },
  {
    "model": "ereader.audiotracks",
    "pk": 121,
    "fields": {
      "book": 2,
      "track_url": "https://firebasestorage.googleapis.com/v0/b/rm-ereader.appspot.com/o/audiobooks%2F76%2Fhuckfinn_08_twain_apc_64kb.mp3?alt=media&token=181477ed-0681-4be9-9b21-545b86ddae4c"
    }
  },
  {
    "model": "ereader.audiotracks",
    "pk": 122,
    "fields": {
      "book": 2,
      "track_url": "https://firebasestorage.googleapis.com/v0/b/rm-ereader.appspot.com/o/audiobooks%2F76%2Fhuckfinn_09_twain_apc_64kb.mp3?alt=media&token=a16100c5-b2e0-4b38-9f54-f5b58aac8704"
    }
  },
  {
    "model": "ereader.audiotracks",
    "pk": 123,
    "fields": {
      "book": 2,
      "track_url": "https://firebasestorage.googleapis.com/v0/b/rm-ereader.appspot.com/o/audiobooks%2F76%2Fhuckfinn_10_twain_apc_64kb.mp3?alt=media&token=1c3a7aef-2e14-4802-ac8a-80d96644b67f"
    }
  },
  {
    "model": "ereader.audiotracks",
    "pk": 124,
    "fields": {
      "book": 2,
      "track_url": "https://firebasestorage.googleapis.com/v0/b/rm-ereader.appspot.com/o/audiobooks%2F76%2Fhuckfinn_11_twain_apc_64kb.mp3?alt=media&token=5bcded2a-54f1-4aa5-850f-e0dc6cf20234"
    }
  },
  {
    "model": "ereader.audiotracks",
    "pk": 125,
    "fields": {
      "book": 2,
      "track_url": "https://firebasestorage.googleapis.com/v0/b/rm-ereader.appspot.com/o/audiobooks%2F76%2Fhuckfinn_12_twain_apc_64kb.mp3?alt=media&token=bdd442ee-ed55-498f-b95b-ee55227ae7c6"
    }
  },
  {
    "model": "ereader.audiotracks",
    "pk": 126,
    "fields": {
      "book": 2,
      "track_url": "https://firebasestorage.googleapis.com/v0/b/rm-ereader.appspot.com/o/audiobooks%2F76%2Fhuckfinn_13_twain_apc_64kb.mp3?alt=media&token=b14c0f2f-4b64-44af-ae1b-80b47864492e"
    }
  },
  {
    "model": "ereader.audiotracks",
    "pk": 127,
    "fields": {
      "book": 2,
      "track_url": "https://firebasestorage.googleapis.com/v0/b/rm-ereader.appspot.com/o/audiobooks%2F76%2Fhuckfinn_14_twain_apc_64kb.mp3?alt=media&token=8fffadda-646c-496b-afb3-53902d313eb3"
    }
  },
  {
    "model": "ereader.audiotracks",
    "pk": 128,
    "fields": {
      "book": 2,
      "track_url": "https://firebasestorage.googleapis.com/v0/b/rm-ereader.appspot.com/o/audiobooks%2F76%2Fhuckfinn_15_twain_apc_64kb.mp3?alt=media&token=88069c42-66b8-4544-8f73-c547106f21c5"
    }
  },
  {
    "model": "ereader.audiotracks",
    "pk": 129,
    "fields": {
      "book": 2,
      "track_url": "https://firebasestorage.googleapis.com/v0/b/rm-ereader.appspot.com/o/audiobooks%2F76%2Fhuckfinn_16_twain_apc_64kb.mp3?alt=media&token=ff3e1cb1-1c53-43c6-937d-a0acf901936d"
    }
  },
  {
    "model": "ereader.audiotracks",
    "pk": 130,
    "fields": {
      "book": 2,
      "track_url": "https://firebasestorage.googleapis.com/v0/b/rm-ereader.appspot.com/o/audiobooks%2F76%2Fhuckfinn_17_twain_apc_64kb.mp3?alt=media&token=d186e6fd-fa17-4cbe-ab03-3d2cddec04a0"
    }
  },
  {
    "model": "ereader.audiotracks",
    "pk": 131,
    "fields": {
      "book": 2,
      "track_url": "https://firebasestorage.googleapis.com/v0/b/rm-ereader.appspot.com/o/audiobooks%2F76%2Fhuckfinn_18_twain_apc_64kb.mp3?alt=media&token=533245f0-e8a1-44fe-82a8-1886313c873c"
    }
  },
  {
    "model": "ereader.audiotracks",
    "pk": 132,
    "fields": {
      "book": 2,
      "track_url": "https://firebasestorage.googleapis.com/v0/b/rm-ereader.appspot.com/o/audiobooks%2F76%2Fhuckfinn_19_twain_apc_64kb.mp3?alt=media&token=9f8e47a9-95a2-46da-a398-08d0d04aea8f"
    }
  },
  {
    "model": "ereader.audiotracks",
    "pk": 133,
    "fields": {
      "book": 2,
      "track_url": "https://firebasestorage.googleapis.com/v0/b/rm-ereader.appspot.com/o/audiobooks%2F76%2Fhuckfinn_20_twain_apc_64kb.mp3?alt=media&token=f93ac78a-4984-46c3-b4e7-47dd28ea927c"
    }
  },
  {
    "model": "ereader.audiotracks",
    "pk": 134,
    "fields": {
      "book": 2,
      "track_url": "https://firebasestorage.googleapis.com/v0/b/rm-ereader.appspot.com/o/audiobooks%2F76%2Fhuckfinn_21_twain_apc_64kb.mp3?alt=media&token=828a1b4e-f12b-4cd5-96ac-113de4a892b9"
    }
  },
  {
    "model": "ereader.audiotracks",
    "pk": 135,
    "fields": {
      "book": 2,
      "track_url": "https://firebasestorage.googleapis.com/v0/b/rm-ereader.appspot.com/o/audiobooks%2F76%2Fhuckfinn_22_twain_apc_64kb.mp3?alt=media&token=6403a63b-2a47-4f95-be4b-42bbb34683a6"
    }
  },
  {
    "model": "ereader.audiotracks",
    "pk": 136,
    "fields": {
      "book": 2,
      "track_url": "https://firebasestorage.googleapis.com/v0/b/rm-ereader.appspot.com/o/audiobooks%2F76%2Fhuckfinn_23_twain_apc_64kb.mp3?alt=media&token=73d68c62-58bf-4198-acbc-fa52f81c67f7"
    }
  },
  {
    "model": "ereader.audiotracks",
    "pk": 137,
    "fields": {
      "book": 2,
      "track_url": "https://firebasestorage.googleapis.com/v0/b/rm-ereader.appspot.com/o/audiobooks%2F76%2Fhuckfinn_24_twain_apc_64kb.mp3?alt=media&token=a4ac052b-8f2e-464a-ba64-b8f82261341c"
    }
  },
  {
    "model": "ereader.audiotracks",
    "pk": 138,
    "fields": {
      "book": 2,
      "track_url": "https://firebasestorage.googleapis.com/v0/b/rm-ereader.appspot.com/o/audiobooks%2F76%2Fhuckfinn_25_twain_apc_64kb.mp3?alt=media&token=78f5b133-8001-42a2-8451-0f1c0e1c40e3"
    }
  },
  {
    "model": "ereader.audiotracks",
    "pk": 139,
    "fields": {
      "book": 2,
      "track_url": "https://firebasestorage.googleapis.com/v0/b/rm-ereader.appspot.com/o/audiobooks%2F76%2Fhuckfinn_26_twain_apc_64kb.mp3?alt=media&token=7c92ea91-8c23-4c89-93f1-fe0a7ef71143"
    }
  },
  {
    "model": "ereader.audiotracks",
    "pk": 140,
    "fields": {
      "book": 2,
      "track_url": "https://firebasestorage.googleapis.com/v0/b/rm-ereader.appspot.com/o/audiobooks%2F76%2Fhuckfinn_27_twain_apc_64kb.mp3?alt=media&token=0d28da00-1dcd-4bf8-94e7-aca8f2853555"
    }
  },
  {
    "model": "ereader.audiotracks",
    "pk": 141,
    "fields": {
      "book": 2,
      "track_url": "https://firebasestorage.googleapis.com/v0/b/rm-ereader.appspot.com/o/audiobooks%2F76%2Fhuckfinn_28_twain_apc_64kb.mp3?alt=media&token=4d9b79a9-1e35-4a67-9c80-750c75e0617e"
    }
  },
  {
    "model": "ereader.audiotracks",
    "pk": 142,
    "fields": {
      "book": 2,
      "track_url": "https://firebasestorage.googleapis.com/v0/b/rm-ereader.appspot.com/o/audiobooks%2F76%2Fhuckfinn_29_twain_apc_64kb.mp3?alt=media&token=e84a7289-6555-45cd-9a2f-c190f3e265ac"
    }
  },
  {
    "model": "ereader.audiotracks",
    "pk": 143,
    "fields": {
      "book": 2,
      "track_url": "https://firebasestorage.googleapis.com/v0/b/rm-ereader.appspot.com/o/audiobooks%2F76%2Fhuckfinn_30_twain_apc_64kb.mp3?alt=media&token=3145cc69-740c-4574-ae9f-c2529c68ac58"
    }
  },
  {
    "model": "ereader.audiotracks",
    "pk": 144,
    "fields": {
      "book": 2,
      "track_url": "https://firebasestorage.googleapis.com/v0/b/rm-ereader.appspot.com/o/audiobooks%2F76%2Fhuckfinn_31_twain_apc_64kb.mp3?alt=media&token=c4cb87ee-f252-40e0-a585-b534b3a6f9eb"
    }
  },
  {
    "model": "ereader.audiotracks",
    "pk": 145,
    "fields": {
      "book": 2,
      "track_url": "https://firebasestorage.googleapis.com/v0/b/rm-ereader.appspot.com/o/audiobooks%2F76%2Fhuckfinn_32_twain_apc_64kb.mp3?alt=media&token=df033866-acc1-44eb-ba15-176fd0aa3124"
    }
  },
  {
    "model": "ereader.audiotracks",
    "pk": 146,
    "fields": {
      "book": 2,
      "track_url": "https://firebasestorage.googleapis.com/v0/b/rm-ereader.appspot.com/o/audiobooks%2F76%2Fhuckfinn_33_twain_apc_64kb.mp3?alt=media&token=edf7158e-dde9-4b60-ad25-3e62bc8ee490"
    }
  },
  {
    "model": "ereader.audiotracks",
    "pk": 147,
    "fields": {
      "book": 2,
      "track_url": "https://firebasestorage.googleapis.com/v0/b/rm-ereader.appspot.com/o/audiobooks%2F76%2Fhuckfinn_34_twain_apc_64kb.mp3?alt=media&token=a640a83a-1f78-43fa-9ec7-0d122d52fb58"
    }
  },
  {
    "model": "ereader.audiotracks",
    "pk": 148,
    "fields": {
      "book": 2,
      "track_url": "https://firebasestorage.googleapis.com/v0/b/rm-ereader.appspot.com/o/audiobooks%2F76%2Fhuckfinn_35_twain_apc_64kb.mp3?alt=media&token=8200b986-5d92-46b5-bf20-513656deb9ce"
    }
  },
  {
    "model": "ereader.audiotracks",
    "pk": 150,
    "fields": {
      "book": 2,
      "track_url": "https://firebasestorage.googleapis.com/v0/b/rm-ereader.appspot.com/o/audiobooks%2F76%2Fhuckfinn_36_twain_apc_64kb.mp3?alt=media&token=a5b4126b-cfca-4288-aacf-891f335808b7"
    }
  },
  {
    "model": "ereader.audiotracks",
    "pk": 151,
    "fields": {
      "book": 2,
      "track_url": "https://firebasestorage.googleapis.com/v0/b/rm-ereader.appspot.com/o/audiobooks%2F76%2Fhuckfinn_38_twain_apc_64kb.mp3?alt=media&token=65b82e9c-19ee-4ae4-9cc8-f905e3cf4cd6"
    }
  },
  {
    "model": "ereader.audiotracks",
    "pk": 152,
    "fields": {
      "book": 2,
      "track_url": "https://firebasestorage.googleapis.com/v0/b/rm-ereader.appspot.com/o/audiobooks%2F76%2Fhuckfinn_39_twain_apc_64kb.mp3?alt=media&token=91ea18db-d9d9-4214-905a-526b287435bb"
    }
  },
  {
    "model": "ereader.audiotracks",
    "pk": 153,
    "fields": {
      "book": 2,
      "track_url": "https://firebasestorage.googleapis.com/v0/b/rm-ereader.appspot.com/o/audiobooks%2F76%2Fhuckfinn_40_twain_apc_64kb.mp3?alt=media&token=a880c1be-26c1-45c7-b1da-071bdba781d9"
    }
  },
  {
    "model": "ereader.audiotracks",
    "pk": 154,
    "fields": {
      "book": 2,
      "track_url": "https://firebasestorage.googleapis.com/v0/b/rm-ereader.appspot.com/o/audiobooks%2F76%2Fhuckfinn_41_twain_apc_64kb.mp3?alt=media&token=0f89cb72-73bc-4e5d-a974-776b4b5100f3"
    }
  },
  {
    "model": "ereader.audiotracks",
    "pk": 155,
    "fields": {
      "book": 2,
      "track_url": "https://firebasestorage.googleapis.com/v0/b/rm-ereader.appspot.com/o/audiobooks%2F76%2Fhuckfinn_42_twain_apc_64kb.mp3?alt=media&token=3aacd781-46c4-486c-bd40-aa72b95d1cf5"
    }
  },
  {
    "model": "ereader.audiotracks",
    "pk": 156,
    "fields": {
      "book": 2,
      "track_url": "https://firebasestorage.googleapis.com/v0/b/rm-ereader.appspot.com/o/audiobooks%2F76%2Fhuckfinn_43_twain_apc_64kb.mp3?alt=media&token=e18392fb-c107-4c5d-8eda-8889ba49dd61"
    }
  },
  {
    "model": "ereader.audiotracks",
    "pk": 157,
    "fields": {
      "book": 2,
      "track_url": "https://firebasestorage.googleapis.com/v0/b/rm-ereader.appspot.com/o/audiobooks%2F76%2Fhuckfinn_37_twain_apc_64kb.mp3?alt=media&token=1f09809a-eaa4-4b44-9052-54680f1d8894"
    }
  },
  {
    "model": "ereader.audiotracks",
    "pk": 158,
    "fields": {
      "book": 4,
      "track_url": "https://firebasestorage.googleapis.com/v0/b/rm-ereader.appspot.com/o/audiobooks%2F91%2Ftomabroad_01_twain_64kb.mp3?alt=media&token=f6b5da81-9f49-466d-a4b1-a19926e9bbfb"
    }
  },
  {
    "model": "ereader.audiotracks",
    "pk": 159,
    "fields": {
      "book": 4,
      "track_url": "https://firebasestorage.googleapis.com/v0/b/rm-ereader.appspot.com/o/audiobooks%2F91%2Ftomabroad_02_twain_64kb.mp3?alt=media&token=be4ae359-e7ef-4014-95f8-d6283ac19884"
    }
  },
  {
    "model": "ereader.audiotracks",
    "pk": 160,
    "fields": {
      "book": 4,
      "track_url": "https://firebasestorage.googleapis.com/v0/b/rm-ereader.appspot.com/o/audiobooks%2F91%2Ftomabroad_03_twain_64kb.mp3?alt=media&token=372795e3-893b-412a-b965-720176c70852"
    }
  },
  {
    "model": "ereader.audiotracks",
    "pk": 161,
    "fields": {
      "book": 4,
      "track_url": "https://firebasestorage.googleapis.com/v0/b/rm-ereader.appspot.com/o/audiobooks%2F91%2Ftomabroad_04_twain_64kb.mp3?alt=media&token=9b88945d-ebc9-4f66-864c-700331097479"
    }
  },
  {
    "model": "ereader.audiotracks",
    "pk": 162,
    "fields": {
      "book": 4,
      "track_url": "https://firebasestorage.googleapis.com/v0/b/rm-ereader.appspot.com/o/audiobooks%2F91%2Ftomabroad_05_twain_64kb.mp3?alt=media&token=bf9e0a3e-1afb-4277-9b69-402c634eb989"
    }
  },
  {
    "model": "ereader.audiotracks",
    "pk": 163,
    "fields": {
      "book": 4,
      "track_url": "https://firebasestorage.googleapis.com/v0/b/rm-ereader.appspot.com/o/audiobooks%2F91%2Ftomabroad_06_twain_64kb.mp3?alt=media&token=68246a99-9d55-4237-8b3f-940508c9a221"
    }
  },
  {
    "model": "ereader.audiotracks",
    "pk": 164,
    "fields": {
      "book": 4,
      "track_url": "https://firebasestorage.googleapis.com/v0/b/rm-ereader.appspot.com/o/audiobooks%2F91%2Ftomabroad_07_twain_64kb.mp3?alt=media&token=d0d49f08-b706-4e6a-a782-4045e2aa28fb"
    }
  },
  {
    "model": "ereader.audiotracks",
    "pk": 165,
    "fields": {
      "book": 4,
      "track_url": "https://firebasestorage.googleapis.com/v0/b/rm-ereader.appspot.com/o/audiobooks%2F91%2Ftomabroad_08_twain_64kb.mp3?alt=media&token=d85a5085-0246-43d8-a873-e818a78c41da"
    }
  },
  {
    "model": "ereader.audiotracks",
    "pk": 166,
    "fields": {
      "book": 4,
      "track_url": "https://firebasestorage.googleapis.com/v0/b/rm-ereader.appspot.com/o/audiobooks%2F91%2Ftomabroad_09_twain_64kb.mp3?alt=media&token=04c5b2e8-3ecb-4f06-a578-cd43fdeda75c"
    }
  },
  {
    "model": "ereader.audiotracks",
    "pk": 167,
    "fields": {
      "book": 4,
      "track_url": "https://firebasestorage.googleapis.com/v0/b/rm-ereader.appspot.com/o/audiobooks%2F91%2Ftomabroad_10_twain_64kb.mp3?alt=media&token=fb8da3d9-6a84-4aaa-b1ed-c885a4301fe9"
    }
  },
  {
    "model": "ereader.audiotracks",
    "pk": 168,
    "fields": {
      "book": 4,
      "track_url": "https://firebasestorage.googleapis.com/v0/b/rm-ereader.appspot.com/o/audiobooks%2F91%2Ftomabroad_11_twain_64kb.mp3?alt=media&token=980c2c1d-18db-4398-9138-1fd99eb97a65"
    }
  },
  {
    "model": "ereader.audiotracks",
    "pk": 169,
    "fields": {
      "book": 4,
      "track_url": "https://firebasestorage.googleapis.com/v0/b/rm-ereader.appspot.com/o/audiobooks%2F91%2Ftomabroad_12_twain_64kb.mp3?alt=media&token=e9a054b3-67e5-41a1-a33d-57dc14a02fb0"
    }
  },
  {
    "model": "ereader.audiotracks",
    "pk": 170,
    "fields": {
      "book": 4,
      "track_url": "https://firebasestorage.googleapis.com/v0/b/rm-ereader.appspot.com/o/audiobooks%2F91%2Ftomabroad_13_twain_64kb.mp3?alt=media&token=7358b6ef-8161-414e-9e5b-6a4e00500b56"
    }
  },
  {
    "model": "ereader.audiotracks",
    "pk": 171,
    "fields": {
      "book": 5,
      "track_url": "https://firebasestorage.googleapis.com/v0/b/rm-ereader.appspot.com/o/audiobooks%2F174%2Fpicture_of_dorian_grey_01_wilde_64kb.mp3?alt=media&token=30d79c55-9239-42ea-81fa-5a469713e898"
    }
  },
  {
    "model": "ereader.audiotracks",
    "pk": 172,
    "fields": {
      "book": 5,
      "track_url": "https://firebasestorage.googleapis.com/v0/b/rm-ereader.appspot.com/o/audiobooks%2F174%2Fpicture_of_dorian_grey_02_wilde_64kb.mp3?alt=media&token=6ba4015a-93b5-4381-aefc-33b08246e473"
    }
  },
  {
    "model": "ereader.audiotracks",
    "pk": 173,
    "fields": {
      "book": 5,
      "track_url": "https://firebasestorage.googleapis.com/v0/b/rm-ereader.appspot.com/o/audiobooks%2F174%2Fpicture_of_dorian_grey_03_wilde_64kb.mp3?alt=media&token=0b95ebc9-2d6a-475f-a715-7e856e16211c"
    }
  },
  {
    "model": "ereader.audiotracks",
    "pk": 174,
    "fields": {
      "book": 5,
      "track_url": "https://firebasestorage.googleapis.com/v0/b/rm-ereader.appspot.com/o/audiobooks%2F174%2Fpicture_of_dorian_grey_04_wilde_64kb.mp3?alt=media&token=a0f746c3-6f80-4978-befc-44a37a512f5d"
    }
  },
  {
    "model": "ereader.audiotracks",
    "pk": 175,
    "fields": {
      "book": 5,
      "track_url": "https://firebasestorage.googleapis.com/v0/b/rm-ereader.appspot.com/o/audiobooks%2F174%2Fpicture_of_dorian_grey_05_wilde_64kb.mp3?alt=media&token=0f0c70fe-745d-4378-9292-96ba28d26207"
    }
  },
  {
    "model": "ereader.audiotracks",
    "pk": 176,
    "fields": {
      "book": 5,
      "track_url": "https://firebasestorage.googleapis.com/v0/b/rm-ereader.appspot.com/o/audiobooks%2F174%2Fpicture_of_dorian_grey_06_wilde_64kb.mp3?alt=media&token=ba593245-627e-406a-992e-ee2ced541d67"
    }
  },
  {
    "model": "ereader.audiotracks",
    "pk": 177,
    "fields": {
      "book": 5,
      "track_url": "https://firebasestorage.googleapis.com/v0/b/rm-ereader.appspot.com/o/audiobooks%2F174%2Fpicture_of_dorian_grey_07_wilde_64kb.mp3?alt=media&token=3bb084a3-2ae7-45d5-ae4d-525962d1c0c4"
    }
  },
  {
    "model": "ereader.audiotracks",
    "pk": 178,
    "fields": {
      "book": 5,
      "track_url": "https://firebasestorage.googleapis.com/v0/b/rm-ereader.appspot.com/o/audiobooks%2F174%2Fpicture_of_dorian_grey_08_wilde_64kb.mp3?alt=media&token=f2e0d3d1-97d5-4acc-bef5-a2f6fd8012be"
    }
  },
  {
    "model": "ereader.audiotracks",
    "pk": 179,
    "fields": {
      "book": 5,
      "track_url": "https://firebasestorage.googleapis.com/v0/b/rm-ereader.appspot.com/o/audiobooks%2F174%2Fpicture_of_dorian_grey_09_wilde_64kb.mp3?alt=media&token=e2685782-25de-4237-b833-b2789cf880a3"
    }
  },
  {
    "model": "ereader.audiotracks",
    "pk": 180,
    "fields": {
      "book": 5,
      "track_url": "https://firebasestorage.googleapis.com/v0/b/rm-ereader.appspot.com/o/audiobooks%2F174%2Fpicture_of_dorian_grey_10_wilde_64kb.mp3?alt=media&token=bc7e2246-a6d6-4fa2-967b-2bac20a060a9"
    }
  },
  {
    "model": "ereader.audiotracks",
    "pk": 181,
    "fields": {
      "book": 5,
      "track_url": "https://firebasestorage.googleapis.com/v0/b/rm-ereader.appspot.com/o/audiobooks%2F174%2Fpicture_of_dorian_grey_11_wilde_64kb.mp3?alt=media&token=32c1f7cc-4c4b-4d23-a34c-0a74007f4717"
    }
  },
  {
    "model": "ereader.audiotracks",
    "pk": 182,
    "fields": {
      "book": 5,
      "track_url": "https://firebasestorage.googleapis.com/v0/b/rm-ereader.appspot.com/o/audiobooks%2F174%2Fpicture_of_dorian_grey_12_wilde_64kb.mp3?alt=media&token=fcd4bf45-7670-4988-ac55-eefd9328161e"
    }
  },
  {
    "model": "ereader.audiotracks",
    "pk": 183,
    "fields": {
      "book": 5,
      "track_url": "https://firebasestorage.googleapis.com/v0/b/rm-ereader.appspot.com/o/audiobooks%2F174%2Fpicture_of_dorian_grey_13_wilde_64kb.mp3?alt=media&token=510362c1-7b36-4b9b-b43b-fbb1217f94ce"
    }
  },
  {
    "model": "ereader.audiotracks",
    "pk": 184,
    "fields": {
      "book": 8,
      "track_url": "https://firebasestorage.googleapis.com/v0/b/rm-ereader.appspot.com/o/audiobooks%2F145%2Fmiddlemarch_01_eliot_64kb.mp3?alt=media&token=9743ed4b-4297-45bf-8454-5341311575af"
    }
  },
  {
    "model": "ereader.audiotracks",
    "pk": 185,
    "fields": {
      "book": 8,
      "track_url": "https://firebasestorage.googleapis.com/v0/b/rm-ereader.appspot.com/o/audiobooks%2F145%2Fmiddlemarch_02_eliot_64kb.mp3?alt=media&token=9ebd95b3-87b5-400a-9fd8-be334df484bf"
    }
  },
  {
    "model": "ereader.audiotracks",
    "pk": 186,
    "fields": {
      "book": 8,
      "track_url": "https://firebasestorage.googleapis.com/v0/b/rm-ereader.appspot.com/o/audiobooks%2F145%2Fmiddlemarch_03_eliot_64kb.mp3?alt=media&token=fbc4b24c-4797-45fd-841d-290856369fe7"
    }
  },
  {
    "model": "ereader.audiotracks",
    "pk": 187,
    "fields": {
      "book": 8,
      "track_url": "https://firebasestorage.googleapis.com/v0/b/rm-ereader.appspot.com/o/audiobooks%2F145%2Fmiddlemarch_04_eliot_64kb.mp3?alt=media&token=80d04903-9844-4d7d-a2e0-450c7729d411"
    }
  },
  {
    "model": "ereader.audiotracks",
    "pk": 188,
    "fields": {
      "book": 8,
      "track_url": "https://firebasestorage.googleapis.com/v0/b/rm-ereader.appspot.com/o/audiobooks%2F145%2Fmiddlemarch_05_eliot_64kb.mp3?alt=media&token=70811f63-5600-4c3e-adec-d5181fcb4acc"
    }
  },
  {
    "model": "ereader.audiotracks",
    "pk": 189,
    "fields": {
      "book": 8,
      "track_url": "https://firebasestorage.googleapis.com/v0/b/rm-ereader.appspot.com/o/audiobooks%2F145%2Fmiddlemarch_06_eliot_64kb.mp3?alt=media&token=ad7e6f64-fcdf-41f9-9e8b-6dc2a14b416b"
    }
  },
  {
    "model": "ereader.audiotracks",
    "pk": 190,
    "fields": {
      "book": 8,
      "track_url": "https://firebasestorage.googleapis.com/v0/b/rm-ereader.appspot.com/o/audiobooks%2F145%2Fmiddlemarch_07_eliot_64kb.mp3?alt=media&token=43262eb4-a700-4b36-872f-ea0690a11791"
    }
  },
  {
    "model": "ereader.audiotracks",
    "pk": 191,
    "fields": {
      "book": 8,
      "track_url": "https://firebasestorage.googleapis.com/v0/b/rm-ereader.appspot.com/o/audiobooks%2F145%2Fmiddlemarch_08_eliot_64kb.mp3?alt=media&token=ebc5b249-8833-497b-b994-20931f0a0f84"
    }
  },
  {
    "model": "ereader.audiotracks",
    "pk": 192,
    "fields": {
      "book": 8,
      "track_url": "https://firebasestorage.googleapis.com/v0/b/rm-ereader.appspot.com/o/audiobooks%2F145%2Fmiddlemarch_09_eliot_64kb.mp3?alt=media&token=5b71ea3b-f825-466b-b306-46d53491cc29"
    }
  },
  {
    "model": "ereader.audiotracks",
    "pk": 193,
    "fields": {
      "book": 8,
      "track_url": "https://firebasestorage.googleapis.com/v0/b/rm-ereader.appspot.com/o/audiobooks%2F145%2Fmiddlemarch_10_eliot_64kb.mp3?alt=media&token=30a8ea46-a245-4c7f-8b17-34001dddc6df"
    }
  },
  {
    "model": "ereader.audiotracks",
    "pk": 194,
    "fields": {
      "book": 8,
      "track_url": "https://firebasestorage.googleapis.com/v0/b/rm-ereader.appspot.com/o/audiobooks%2F145%2Fmiddlemarch_11_eliot_64kb.mp3?alt=media&token=688d5280-99aa-49c0-969f-98fd5e75e46b"
    }
  },
  {
    "model": "ereader.audiotracks",
    "pk": 195,
    "fields": {
      "book": 8,
      "track_url": "https://firebasestorage.googleapis.com/v0/b/rm-ereader.appspot.com/o/audiobooks%2F145%2Fmiddlemarch_12_eliot_64kb.mp3?alt=media&token=941d9a72-1d8b-4fb8-8ca6-e3729cacc32e"
    }
  },
  {
    "model": "ereader.audiotracks",
    "pk": 196,
    "fields": {
      "book": 8,
      "track_url": "https://firebasestorage.googleapis.com/v0/b/rm-ereader.appspot.com/o/audiobooks%2F145%2Fmiddlemarch_13_eliot_64kb.mp3?alt=media&token=919d2ee3-19f8-4ff1-a9e4-8ce0d6bdb0ab"
    }
  },
  {
    "model": "ereader.audiotracks",
    "pk": 197,
    "fields": {
      "book": 8,
      "track_url": "https://firebasestorage.googleapis.com/v0/b/rm-ereader.appspot.com/o/audiobooks%2F145%2Fmiddlemarch_14_eliot_64kb.mp3?alt=media&token=99c63d3b-9a33-4a21-be89-8cff54904248"
    }
  },
  {
    "model": "ereader.audiotracks",
    "pk": 198,
    "fields": {
      "book": 8,
      "track_url": "https://firebasestorage.googleapis.com/v0/b/rm-ereader.appspot.com/o/audiobooks%2F145%2Fmiddlemarch_15_eliot_64kb.mp3?alt=media&token=7767e1f2-91d9-401e-ac97-103a06233f47"
    }
  },
  {
    "model": "ereader.audiotracks",
    "pk": 199,
    "fields": {
      "book": 8,
      "track_url": "https://firebasestorage.googleapis.com/v0/b/rm-ereader.appspot.com/o/audiobooks%2F145%2Fmiddlemarch_16_eliot_64kb.mp3?alt=media&token=078bd9a1-51f4-4c38-a716-fc28e29a65f8"
    }
  },
  {
    "model": "ereader.audiotracks",
    "pk": 200,
    "fields": {
      "book": 8,
      "track_url": "https://firebasestorage.googleapis.com/v0/b/rm-ereader.appspot.com/o/audiobooks%2F145%2Fmiddlemarch_17_eliot_64kb.mp3?alt=media&token=697a317b-b23c-49ab-a943-81abd5430328"
    }
  },
  {
    "model": "ereader.audiotracks",
    "pk": 201,
    "fields": {
      "book": 8,
      "track_url": "https://firebasestorage.googleapis.com/v0/b/rm-ereader.appspot.com/o/audiobooks%2F145%2Fmiddlemarch_18_eliot_64kb.mp3?alt=media&token=ad22d60e-8b0e-4896-ad2c-01a3c5a0d467"
    }
  },
  {
    "model": "ereader.audiotracks",
    "pk": 202,
    "fields": {
      "book": 8,
      "track_url": "https://firebasestorage.googleapis.com/v0/b/rm-ereader.appspot.com/o/audiobooks%2F145%2Fmiddlemarch_19_eliot_64kb.mp3?alt=media&token=e82fc17c-7e26-4b3f-8f59-efd743db6a76"
    }
  },
  {
    "model": "ereader.audiotracks",
    "pk": 203,
    "fields": {
      "book": 8,
      "track_url": "https://firebasestorage.googleapis.com/v0/b/rm-ereader.appspot.com/o/audiobooks%2F145%2Fmiddlemarch_20_eliot_64kb.mp3?alt=media&token=030ab4e3-5878-4852-9e25-d88d73dccc6f"
    }
  },
  {
    "model": "ereader.audiotracks",
    "pk": 204,
    "fields": {
      "book": 8,
      "track_url": "https://firebasestorage.googleapis.com/v0/b/rm-ereader.appspot.com/o/audiobooks%2F145%2Fmiddlemarch_21_eliot_64kb.mp3?alt=media&token=62b6bf09-edc2-4c80-8ee5-94b58b529789"
    }
  },
  {
    "model": "ereader.audiotracks",
    "pk": 205,
    "fields": {
      "book": 8,
      "track_url": "https://firebasestorage.googleapis.com/v0/b/rm-ereader.appspot.com/o/audiobooks%2F145%2Fmiddlemarch_22_eliot_64kb.mp3?alt=media&token=f2199ddd-6a75-4b20-b68c-5757a4008841"
    }
  },
  {
    "model": "ereader.audiotracks",
    "pk": 206,
    "fields": {
      "book": 8,
      "track_url": "https://firebasestorage.googleapis.com/v0/b/rm-ereader.appspot.com/o/audiobooks%2F145%2Fmiddlemarch_23_eliot_64kb.mp3?alt=media&token=e34bd326-8259-4676-8179-e27aff0dac85"
    }
  },
  {
    "model": "ereader.audiotracks",
    "pk": 207,
    "fields": {
      "book": 8,
      "track_url": "https://firebasestorage.googleapis.com/v0/b/rm-ereader.appspot.com/o/audiobooks%2F145%2Fmiddlemarch_24_eliot_64kb.mp3?alt=media&token=72076a0b-92ee-4777-acc0-fa030e76b1c8"
    }
  },
  {
    "model": "ereader.audiotracks",
    "pk": 208,
    "fields": {
      "book": 8,
      "track_url": "https://firebasestorage.googleapis.com/v0/b/rm-ereader.appspot.com/o/audiobooks%2F145%2Fmiddlemarch_25_eliot_64kb.mp3?alt=media&token=20a5ddb2-2237-4acb-bf85-80928a884dd6"
    }
  },
  {
    "model": "ereader.audiotracks",
    "pk": 209,
    "fields": {
      "book": 8,
      "track_url": "https://firebasestorage.googleapis.com/v0/b/rm-ereader.appspot.com/o/audiobooks%2F145%2Fmiddlemarch_26_eliot_64kb.mp3?alt=media&token=ffa3670b-b55f-4f22-8572-11326497cae9"
    }
  },
  {
    "model": "ereader.audiotracks",
    "pk": 210,
    "fields": {
      "book": 8,
      "track_url": "https://firebasestorage.googleapis.com/v0/b/rm-ereader.appspot.com/o/audiobooks%2F145%2Fmiddlemarch_27_eliot_64kb.mp3?alt=media&token=66dc105e-200a-4710-ad52-944eafcd1145"
    }
  },
  {
    "model": "ereader.audiotracks",
    "pk": 211,
    "fields": {
      "book": 8,
      "track_url": "https://firebasestorage.googleapis.com/v0/b/rm-ereader.appspot.com/o/audiobooks%2F145%2Fmiddlemarch_28_eliot_64kb.mp3?alt=media&token=f9b343f1-82c8-4cd0-97eb-d5d183eb2839"
    }
  },
  {
    "model": "ereader.audiotracks",
    "pk": 212,
    "fields": {
      "book": 8,
      "track_url": "https://firebasestorage.googleapis.com/v0/b/rm-ereader.appspot.com/o/audiobooks%2F145%2Fmiddlemarch_29_eliot_64kb.mp3?alt=media&token=bc57222f-ac4a-4ee8-ad40-318f6accfdd9"
    }
  },
  {
    "model": "ereader.audiotracks",
    "pk": 213,
    "fields": {
      "book": 8,
      "track_url": "https://firebasestorage.googleapis.com/v0/b/rm-ereader.appspot.com/o/audiobooks%2F145%2Fmiddlemarch_30_eliot_64kb.mp3?alt=media&token=3cd9cd20-85e1-4770-b977-3a5b536dc57f"
    }
  },
  {
    "model": "ereader.audiotracks",
    "pk": 214,
    "fields": {
      "book": 8,
      "track_url": "https://firebasestorage.googleapis.com/v0/b/rm-ereader.appspot.com/o/audiobooks%2F145%2Fmiddlemarch_31_eliot_64kb.mp3?alt=media&token=f1586c6b-dd1a-4a90-ace6-b01dbc11cc43"
    }
  },
  {
    "model": "ereader.audiotracks",
    "pk": 215,
    "fields": {
      "book": 8,
      "track_url": "https://firebasestorage.googleapis.com/v0/b/rm-ereader.appspot.com/o/audiobooks%2F145%2Fmiddlemarch_32_eliot_64kb.mp3?alt=media&token=fbe2a712-b85d-4e1e-853b-c136b3e5a4a0"
    }
  },
  {
    "model": "ereader.audiotracks",
    "pk": 216,
    "fields": {
      "book": 8,
      "track_url": "https://firebasestorage.googleapis.com/v0/b/rm-ereader.appspot.com/o/audiobooks%2F145%2Fmiddlemarch_33_eliot_64kb.mp3?alt=media&token=70314847-ab1d-4603-8082-df63cb425b32"
    }
  },
  {
    "model": "ereader.audiotracks",
    "pk": 217,
    "fields": {
      "book": 8,
      "track_url": "https://firebasestorage.googleapis.com/v0/b/rm-ereader.appspot.com/o/audiobooks%2F145%2Fmiddlemarch_34_eliot_64kb.mp3?alt=media&token=150d2fb8-8837-4f93-96ae-774c94622e05"
    }
  },
  {
    "model": "ereader.audiotracks",
    "pk": 218,
    "fields": {
      "book": 8,
      "track_url": "https://firebasestorage.googleapis.com/v0/b/rm-ereader.appspot.com/o/audiobooks%2F145%2Fmiddlemarch_35_eliot_64kb.mp3?alt=media&token=5e79cea8-2177-4d2b-8992-695be54c62f9"
    }
  },
  {
    "model": "ereader.audiotracks",
    "pk": 219,
    "fields": {
      "book": 8,
      "track_url": "https://firebasestorage.googleapis.com/v0/b/rm-ereader.appspot.com/o/audiobooks%2F145%2Fmiddlemarch_36_eliot_64kb.mp3?alt=media&token=5f8f4449-23ad-4cf2-855f-119be76c0313"
    }
  },
  {
    "model": "ereader.audiotracks",
    "pk": 220,
    "fields": {
      "book": 8,
      "track_url": "https://firebasestorage.googleapis.com/v0/b/rm-ereader.appspot.com/o/audiobooks%2F145%2Fmiddlemarch_37_eliot_64kb.mp3?alt=media&token=0e45d96c-492e-4ac6-b040-32a08dbe2c34"
    }
  },
  {
    "model": "ereader.audiotracks",
    "pk": 221,
    "fields": {
      "book": 8,
      "track_url": "https://firebasestorage.googleapis.com/v0/b/rm-ereader.appspot.com/o/audiobooks%2F145%2Fmiddlemarch_38_eliot_64kb.mp3?alt=media&token=f77790d1-8e7b-4d53-97cd-40def0376bb1"
    }
  },
  {
    "model": "ereader.audiotracks",
    "pk": 222,
    "fields": {
      "book": 8,
      "track_url": "https://firebasestorage.googleapis.com/v0/b/rm-ereader.appspot.com/o/audiobooks%2F145%2Fmiddlemarch_39_eliot_64kb.mp3?alt=media&token=b9673012-432e-4854-afe9-8afba05baea2"
    }
  },
  {
    "model": "ereader.audiotracks",
    "pk": 223,
    "fields": {
      "book": 8,
      "track_url": "https://firebasestorage.googleapis.com/v0/b/rm-ereader.appspot.com/o/audiobooks%2F145%2Fmiddlemarch_40_eliot_64kb.mp3?alt=media&token=5e379ecf-7cf6-4815-a482-e05a2d486c39"
    }
  },
  {
    "model": "ereader.audiotracks",
    "pk": 224,
    "fields": {
      "book": 8,
      "track_url": "https://firebasestorage.googleapis.com/v0/b/rm-ereader.appspot.com/o/audiobooks%2F145%2Fmiddlemarch_41_eliot_64kb.mp3?alt=media&token=0380e3b8-1723-4c43-8de9-b23f3ee49cd3"
    }
  },
  {
    "model": "ereader.audiotracks",
    "pk": 225,
    "fields": {
      "book": 8,
      "track_url": "https://firebasestorage.googleapis.com/v0/b/rm-ereader.appspot.com/o/audiobooks%2F145%2Fmiddlemarch_42_eliot_64kb.mp3?alt=media&token=a487bd6b-36eb-446f-ac9f-ad2ced81613c"
    }
  },
  {
    "model": "ereader.audiotracks",
    "pk": 226,
    "fields": {
      "book": 8,
      "track_url": "https://firebasestorage.googleapis.com/v0/b/rm-ereader.appspot.com/o/audiobooks%2F145%2Fmiddlemarch_43_eliot_64kb.mp3?alt=media&token=411d8f40-367b-4717-b7ab-5e1b113dd9cb"
    }
  },
  {
    "model": "ereader.audiotracks",
    "pk": 227,
    "fields": {
      "book": 8,
      "track_url": "https://firebasestorage.googleapis.com/v0/b/rm-ereader.appspot.com/o/audiobooks%2F145%2Fmiddlemarch_44_eliot_64kb.mp3?alt=media&token=d8c51036-1f84-4c32-ac8c-d45450a0c8e8"
    }
  },
  {
    "model": "ereader.audiotracks",
    "pk": 228,
    "fields": {
      "book": 8,
      "track_url": "https://firebasestorage.googleapis.com/v0/b/rm-ereader.appspot.com/o/audiobooks%2F145%2Fmiddlemarch_45_eliot_64kb.mp3?alt=media&token=b7b35b59-a901-482d-b6c0-da845b49aabf"
    }
  },
  {
    "model": "ereader.audiotracks",
    "pk": 229,
    "fields": {
      "book": 8,
      "track_url": "https://firebasestorage.googleapis.com/v0/b/rm-ereader.appspot.com/o/audiobooks%2F145%2Fmiddlemarch_46_eliot_64kb.mp3?alt=media&token=800cc7c8-f465-40d5-9966-2e12eaee9aad"
    }
  },
  {
    "model": "ereader.audiotracks",
    "pk": 230,
    "fields": {
      "book": 8,
      "track_url": "https://firebasestorage.googleapis.com/v0/b/rm-ereader.appspot.com/o/audiobooks%2F145%2Fmiddlemarch_47_eliot_64kb.mp3?alt=media&token=e5778011-a5f6-45db-89e6-8ed7fe251feb"
    }
  },
  {
    "model": "ereader.audiotracks",
    "pk": 231,
    "fields": {
      "book": 8,
      "track_url": "https://firebasestorage.googleapis.com/v0/b/rm-ereader.appspot.com/o/audiobooks%2F145%2Fmiddlemarch_48_eliot_64kb.mp3?alt=media&token=3ab9b495-696f-425c-aa49-15cead41d9f2"
    }
  },
  {
    "model": "ereader.audiotracks",
    "pk": 232,
    "fields": {
      "book": 8,
      "track_url": "https://firebasestorage.googleapis.com/v0/b/rm-ereader.appspot.com/o/audiobooks%2F145%2Fmiddlemarch_49_eliot_64kb.mp3?alt=media&token=803192af-9813-4f25-b86c-28d182e8a9c0"
    }
  },
  {
    "model": "ereader.audiotracks",
    "pk": 233,
    "fields": {
      "book": 8,
      "track_url": "https://firebasestorage.googleapis.com/v0/b/rm-ereader.appspot.com/o/audiobooks%2F145%2Fmiddlemarch_50_eliot_64kb.mp3?alt=media&token=84e2fb75-2872-4525-a043-72a07cf799d5"
    }
  },
  {
    "model": "ereader.audiotracks",
    "pk": 234,
    "fields": {
      "book": 8,
      "track_url": "https://firebasestorage.googleapis.com/v0/b/rm-ereader.appspot.com/o/audiobooks%2F145%2Fmiddlemarch_51_eliot_64kb.mp3?alt=media&token=8563f82e-df48-4d9e-b4dc-9cfc2d30d214"
    }
  },
  {
    "model": "ereader.audiotracks",
    "pk": 235,
    "fields": {
      "book": 8,
      "track_url": "https://firebasestorage.googleapis.com/v0/b/rm-ereader.appspot.com/o/audiobooks%2F145%2Fmiddlemarch_52_eliot_64kb.mp3?alt=media&token=35cc7c57-ff80-4f4d-8c71-2711826d7d33"
    }
  },
  {
    "model": "ereader.audiotracks",
    "pk": 236,
    "fields": {
      "book": 8,
      "track_url": "https://firebasestorage.googleapis.com/v0/b/rm-ereader.appspot.com/o/audiobooks%2F145%2Fmiddlemarch_53_eliot_64kb.mp3?alt=media&token=1263139d-57c2-4a61-a87b-dc9449a0dba7"
    }
  },
  {
    "model": "ereader.audiotracks",
    "pk": 237,
    "fields": {
      "book": 8,
      "track_url": "https://firebasestorage.googleapis.com/v0/b/rm-ereader.appspot.com/o/audiobooks%2F145%2Fmiddlemarch_54_eliot_64kb.mp3?alt=media&token=2f6fad3d-788d-4915-8398-155094e0e625"
    }
  },
  {
    "model": "ereader.audiotracks",
    "pk": 238,
    "fields": {
      "book": 8,
      "track_url": "https://firebasestorage.googleapis.com/v0/b/rm-ereader.appspot.com/o/audiobooks%2F145%2Fmiddlemarch_55_eliot_64kb.mp3?alt=media&token=c1abfa58-3a87-4e5b-992f-53c16c95b7d9"
    }
  },
  {
    "model": "ereader.audiotracks",
    "pk": 239,
    "fields": {
      "book": 8,
      "track_url": "https://firebasestorage.googleapis.com/v0/b/rm-ereader.appspot.com/o/audiobooks%2F145%2Fmiddlemarch_56_eliot_64kb.mp3?alt=media&token=dab83669-3428-4fee-b476-162eb9683127"
    }
  },
  {
    "model": "ereader.audiotracks",
    "pk": 240,
    "fields": {
      "book": 8,
      "track_url": "https://firebasestorage.googleapis.com/v0/b/rm-ereader.appspot.com/o/audiobooks%2F145%2Fmiddlemarch_57_eliot_64kb.mp3?alt=media&token=a20d7c65-d68c-43a3-ad6e-543653f3a088"
    }
  },
  {
    "model": "ereader.audiotracks",
    "pk": 241,
    "fields": {
      "book": 8,
      "track_url": "https://firebasestorage.googleapis.com/v0/b/rm-ereader.appspot.com/o/audiobooks%2F145%2Fmiddlemarch_58_eliot_64kb.mp3?alt=media&token=f95f1f21-cc30-4f56-9107-c28d05e21c97"
    }
  },
  {
    "model": "ereader.audiotracks",
    "pk": 242,
    "fields": {
      "book": 8,
      "track_url": "https://firebasestorage.googleapis.com/v0/b/rm-ereader.appspot.com/o/audiobooks%2F145%2Fmiddlemarch_59_eliot_64kb.mp3?alt=media&token=3821fabd-8ad6-4807-b632-5f260a09dc91"
    }
  },
  {
    "model": "ereader.audiotracks",
    "pk": 243,
    "fields": {
      "book": 8,
      "track_url": "https://firebasestorage.googleapis.com/v0/b/rm-ereader.appspot.com/o/audiobooks%2F145%2Fmiddlemarch_60_eliot_64kb.mp3?alt=media&token=7e2b58c9-dbfc-462a-ba83-d893fc7194e6"
    }
  },
  {
    "model": "ereader.audiotracks",
    "pk": 244,
    "fields": {
      "book": 8,
      "track_url": "https://firebasestorage.googleapis.com/v0/b/rm-ereader.appspot.com/o/audiobooks%2F145%2Fmiddlemarch_61_eliot_64kb.mp3?alt=media&token=efe91afb-c7dd-420d-bd05-8eaa0f530e39"
    }
  },
  {
    "model": "ereader.audiotracks",
    "pk": 245,
    "fields": {
      "book": 8,
      "track_url": "https://firebasestorage.googleapis.com/v0/b/rm-ereader.appspot.com/o/audiobooks%2F145%2Fmiddlemarch_62_eliot_64kb.mp3?alt=media&token=94674efc-8b3b-469c-b321-03a863ce94d9"
    }
  },
  {
    "model": "ereader.audiotracks",
    "pk": 246,
    "fields": {
      "book": 8,
      "track_url": "https://firebasestorage.googleapis.com/v0/b/rm-ereader.appspot.com/o/audiobooks%2F145%2Fmiddlemarch_63_eliot_64kb.mp3?alt=media&token=9a8a4a87-85dd-4432-8992-d0a39b1518a4"
    }
  },
  {
    "model": "ereader.audiotracks",
    "pk": 247,
    "fields": {
      "book": 8,
      "track_url": "https://firebasestorage.googleapis.com/v0/b/rm-ereader.appspot.com/o/audiobooks%2F145%2Fmiddlemarch_64_eliot_64kb.mp3?alt=media&token=95ff3602-fe67-4316-8002-2f2d3b8355b6"
    }
  },
  {
    "model": "ereader.audiotracks",
    "pk": 248,
    "fields": {
      "book": 8,
      "track_url": "https://firebasestorage.googleapis.com/v0/b/rm-ereader.appspot.com/o/audiobooks%2F145%2Fmiddlemarch_65_eliot_64kb.mp3?alt=media&token=abd6669c-90d1-499d-86ec-52d7f68d04bc"
    }
  },
  {
    "model": "ereader.audiotracks",
    "pk": 249,
    "fields": {
      "book": 8,
      "track_url": "https://firebasestorage.googleapis.com/v0/b/rm-ereader.appspot.com/o/audiobooks%2F145%2Fmiddlemarch_66_eliot_64kb.mp3?alt=media&token=82fb68f0-8a86-406e-8fe6-d2ce78817056"
    }
  },
  {
    "model": "ereader.audiotracks",
    "pk": 250,
    "fields": {
      "book": 8,
      "track_url": "https://firebasestorage.googleapis.com/v0/b/rm-ereader.appspot.com/o/audiobooks%2F145%2Fmiddlemarch_67_eliot_64kb.mp3?alt=media&token=139dc6d1-6329-47a1-8a9c-c13ab92b6840"
    }
  },
  {
    "model": "ereader.audiotracks",
    "pk": 251,
    "fields": {
      "book": 8,
      "track_url": "https://firebasestorage.googleapis.com/v0/b/rm-ereader.appspot.com/o/audiobooks%2F145%2Fmiddlemarch_68_eliot_64kb.mp3?alt=media&token=505d995f-d8e7-46fb-92f6-2dd1279308e0"
    }
  },
  {
    "model": "ereader.audiotracks",
    "pk": 252,
    "fields": {
      "book": 8,
      "track_url": "https://firebasestorage.googleapis.com/v0/b/rm-ereader.appspot.com/o/audiobooks%2F145%2Fmiddlemarch_69_eliot_64kb.mp3?alt=media&token=b8a37dc5-9648-415a-a00a-69885ee4931f"
    }
  },
  {
    "model": "ereader.audiotracks",
    "pk": 253,
    "fields": {
      "book": 8,
      "track_url": "https://firebasestorage.googleapis.com/v0/b/rm-ereader.appspot.com/o/audiobooks%2F145%2Fmiddlemarch_70_eliot_64kb.mp3?alt=media&token=4a6ce412-fb97-4bd1-91d8-3922661c2c2d"
    }
  },
  {
    "model": "ereader.audiotracks",
    "pk": 254,
    "fields": {
      "book": 8,
      "track_url": "https://firebasestorage.googleapis.com/v0/b/rm-ereader.appspot.com/o/audiobooks%2F145%2Fmiddlemarch_71_eliot_64kb.mp3?alt=media&token=e4ae0700-c5d6-4d25-b8da-fb2eeef5540b"
    }
  },
  {
    "model": "ereader.audiotracks",
    "pk": 255,
    "fields": {
      "book": 8,
      "track_url": "https://firebasestorage.googleapis.com/v0/b/rm-ereader.appspot.com/o/audiobooks%2F145%2Fmiddlemarch_72_eliot_64kb.mp3?alt=media&token=cc9dab9d-dff2-433b-b413-5b1d96fdb435"
    }
  },
  {
    "model": "ereader.audiotracks",
    "pk": 256,
    "fields": {
      "book": 8,
      "track_url": "https://firebasestorage.googleapis.com/v0/b/rm-ereader.appspot.com/o/audiobooks%2F145%2Fmiddlemarch_73_eliot_64kb.mp3?alt=media&token=4f0cfaae-62c0-4072-8cf5-368ea8f4d249"
    }
  },
  {
    "model": "ereader.audiotracks",
    "pk": 257,
    "fields": {
      "book": 8,
      "track_url": "https://firebasestorage.googleapis.com/v0/b/rm-ereader.appspot.com/o/audiobooks%2F145%2Fmiddlemarch_74_eliot_64kb.mp3?alt=media&token=dcb3f7f8-9f7b-4648-8f90-170ada5a3ca7"
    }
  },
  {
    "model": "ereader.audiotracks",
    "pk": 258,
    "fields": {
      "book": 8,
      "track_url": "https://firebasestorage.googleapis.com/v0/b/rm-ereader.appspot.com/o/audiobooks%2F145%2Fmiddlemarch_75_eliot_64kb.mp3?alt=media&token=f7c5c8b3-cc72-4832-819e-79e574f92957"
    }
  },
  {
    "model": "ereader.audiotracks",
    "pk": 259,
    "fields": {
      "book": 8,
      "track_url": "https://firebasestorage.googleapis.com/v0/b/rm-ereader.appspot.com/o/audiobooks%2F145%2Fmiddlemarch_76_eliot_64kb.mp3?alt=media&token=f406ff76-ca0b-40a9-b650-9568442b5ff7"
    }
  },
  {
    "model": "ereader.audiotracks",
    "pk": 260,
    "fields": {
      "book": 8,
      "track_url": "https://firebasestorage.googleapis.com/v0/b/rm-ereader.appspot.com/o/audiobooks%2F145%2Fmiddlemarch_77_eliot_64kb.mp3?alt=media&token=8acbf392-d83f-4db6-b100-d32a31f094cb"
    }
  },
  {
    "model": "ereader.audiotracks",
    "pk": 261,
    "fields": {
      "book": 8,
      "track_url": "https://firebasestorage.googleapis.com/v0/b/rm-ereader.appspot.com/o/audiobooks%2F145%2Fmiddlemarch_78_eliot_64kb.mp3?alt=media&token=1c44a0ac-1465-4ced-bb12-31b42fc00dfc"
    }
  },
  {
    "model": "ereader.audiotracks",
    "pk": 262,
    "fields": {
      "book": 8,
      "track_url": "https://firebasestorage.googleapis.com/v0/b/rm-ereader.appspot.com/o/audiobooks%2F145%2Fmiddlemarch_79_eliot_64kb.mp3?alt=media&token=a5c80a56-0173-4206-b496-ab4cb221f96d"
    }
  },
  {
    "model": "ereader.audiotracks",
    "pk": 263,
    "fields": {
      "book": 8,
      "track_url": "https://firebasestorage.googleapis.com/v0/b/rm-ereader.appspot.com/o/audiobooks%2F145%2Fmiddlemarch_80_eliot_64kb.mp3?alt=media&token=198795a2-2a24-4459-9c42-b5c837eb8d68"
    }
  },
  {
    "model": "ereader.audiotracks",
    "pk": 264,
    "fields": {
      "book": 8,
      "track_url": "https://firebasestorage.googleapis.com/v0/b/rm-ereader.appspot.com/o/audiobooks%2F145%2Fmiddlemarch_81_eliot_64kb.mp3?alt=media&token=a78ac0e6-5846-48a9-a1bd-8b6fb662b515"
    }
  },
  {
    "model": "ereader.audiotracks",
    "pk": 265,
    "fields": {
      "book": 8,
      "track_url": "https://firebasestorage.googleapis.com/v0/b/rm-ereader.appspot.com/o/audiobooks%2F145%2Fmiddlemarch_82_eliot_64kb.mp3?alt=media&token=9c9a24a0-8f8f-4c45-a069-8db211ba1a8d"
    }
  },
  {
    "model": "ereader.audiotracks",
    "pk": 266,
    "fields": {
      "book": 8,
      "track_url": "https://firebasestorage.googleapis.com/v0/b/rm-ereader.appspot.com/o/audiobooks%2F145%2Fmiddlemarch_83_eliot_64kb.mp3?alt=media&token=856866bc-d12c-48a8-ac87-95a36b27f9d6"
    }
  },
  {
    "model": "ereader.audiotracks",
    "pk": 267,
    "fields": {
      "book": 8,
      "track_url": "https://firebasestorage.googleapis.com/v0/b/rm-ereader.appspot.com/o/audiobooks%2F145%2Fmiddlemarch_84_eliot_64kb.mp3?alt=media&token=88bd54be-74c4-4c06-9e2e-847ab6bdcb69"
    }
  },
  {
    "model": "ereader.audiotracks",
    "pk": 268,
    "fields": {
      "book": 8,
      "track_url": "https://firebasestorage.googleapis.com/v0/b/rm-ereader.appspot.com/o/audiobooks%2F145%2Fmiddlemarch_85_eliot_64kb.mp3?alt=media&token=e2b4d6f3-0030-401b-a139-920e5117342e"
    }
  },
  {
    "model": "ereader.audiotracks",
    "pk": 269,
    "fields": {
      "book": 8,
      "track_url": "https://firebasestorage.googleapis.com/v0/b/rm-ereader.appspot.com/o/audiobooks%2F145%2Fmiddlemarch_86_eliot_64kb.mp3?alt=media&token=240f10e4-1c13-471a-96d1-f8bf88806f0c"
    }
  },
  {
    "model": "ereader.audiotracks",
    "pk": 270,
    "fields": {
      "book": 7,
      "track_url": "https://firebasestorage.googleapis.com/v0/b/rm-ereader.appspot.com/o/audiobooks%2F2641%2Froomview_01_forster_64kb.mp3?alt=media&token=cdccee01-8899-404f-be1e-a986abad7adf"
    }
  },
  {
    "model": "ereader.audiotracks",
    "pk": 271,
    "fields": {
      "book": 7,
      "track_url": "https://firebasestorage.googleapis.com/v0/b/rm-ereader.appspot.com/o/audiobooks%2F2641%2Froomview_02_forster_64kb.mp3?alt=media&token=cb20ebe6-d97b-4e6d-8507-2b8990106c07"
    }
  },
  {
    "model": "ereader.audiotracks",
    "pk": 272,
    "fields": {
      "book": 7,
      "track_url": "https://firebasestorage.googleapis.com/v0/b/rm-ereader.appspot.com/o/audiobooks%2F2641%2Froomview_03_forster_64kb.mp3?alt=media&token=c5af2cc3-66ad-4203-aba7-79266eed0e44"
    }
  },
  {
    "model": "ereader.audiotracks",
    "pk": 273,
    "fields": {
      "book": 7,
      "track_url": "https://firebasestorage.googleapis.com/v0/b/rm-ereader.appspot.com/o/audiobooks%2F2641%2Froomview_04_forster_64kb.mp3?alt=media&token=27f874bf-8cdd-4389-8063-2b49734ef1ff"
    }
  },
  {
    "model": "ereader.audiotracks",
    "pk": 274,
    "fields": {
      "book": 7,
      "track_url": "https://firebasestorage.googleapis.com/v0/b/rm-ereader.appspot.com/o/audiobooks%2F2641%2Froomview_05_forster_64kb.mp3?alt=media&token=f2e6b476-287f-4a92-b5d5-e0ad077a5651"
    }
  },
  {
    "model": "ereader.audiotracks",
    "pk": 275,
    "fields": {
      "book": 7,
      "track_url": "https://firebasestorage.googleapis.com/v0/b/rm-ereader.appspot.com/o/audiobooks%2F2641%2Froomview_06_forster_64kb.mp3?alt=media&token=ba6e97ce-1305-46ff-99a2-f9cdd88b635f"
    }
  },
  {
    "model": "ereader.audiotracks",
    "pk": 276,
    "fields": {
      "book": 7,
      "track_url": "https://firebasestorage.googleapis.com/v0/b/rm-ereader.appspot.com/o/audiobooks%2F2641%2Froomview_07_forster_64kb.mp3?alt=media&token=291c56aa-8d8e-4fec-8ebb-de69687b61d9"
    }
  },
  {
    "model": "ereader.audiotracks",
    "pk": 277,
    "fields": {
      "book": 7,
      "track_url": "https://firebasestorage.googleapis.com/v0/b/rm-ereader.appspot.com/o/audiobooks%2F2641%2Froomview_08_forster_64kb.mp3?alt=media&token=ad04c7fa-cd21-4710-ba41-c2dbe571530e"
    }
  },
  {
    "model": "ereader.audiotracks",
    "pk": 278,
    "fields": {
      "book": 7,
      "track_url": "https://firebasestorage.googleapis.com/v0/b/rm-ereader.appspot.com/o/audiobooks%2F2641%2Froomview_09_forster_64kb.mp3?alt=media&token=6325167a-a4e7-4fb7-ae77-0ebc26217faf"
    }
  },
  {
    "model": "ereader.audiotracks",
    "pk": 279,
    "fields": {
      "book": 7,
      "track_url": "https://firebasestorage.googleapis.com/v0/b/rm-ereader.appspot.com/o/audiobooks%2F2641%2Froomview_10_forster_64kb.mp3?alt=media&token=fd2c3462-b6fe-41e9-ae49-35629869b2bc"
    }
  },
  {
    "model": "ereader.audiotracks",
    "pk": 280,
    "fields": {
      "book": 7,
      "track_url": "https://firebasestorage.googleapis.com/v0/b/rm-ereader.appspot.com/o/audiobooks%2F2641%2Froomview_11_forster_64kb.mp3?alt=media&token=362640f4-96c4-455e-a832-0b2876fc9862"
    }
  },
  {
    "model": "ereader.audiotracks",
    "pk": 281,
    "fields": {
      "book": 7,
      "track_url": "https://firebasestorage.googleapis.com/v0/b/rm-ereader.appspot.com/o/audiobooks%2F2641%2Froomview_12_forster_64kb.mp3?alt=media&token=81930c33-4943-48bc-a495-a63641837fd6"
    }
  },
  {
    "model": "ereader.audiotracks",
    "pk": 282,
    "fields": {
      "book": 7,
      "track_url": "https://firebasestorage.googleapis.com/v0/b/rm-ereader.appspot.com/o/audiobooks%2F2641%2Froomview_13_forster_64kb.mp3?alt=media&token=42f77144-bb39-405f-98d0-8f02e78ce610"
    }
  },
  {
    "model": "ereader.audiotracks",
    "pk": 283,
    "fields": {
      "book": 7,
      "track_url": "https://firebasestorage.googleapis.com/v0/b/rm-ereader.appspot.com/o/audiobooks%2F2641%2Froomview_14_forster_64kb.mp3?alt=media&token=921f6513-8904-4210-afba-fe83445f8669"
    }
  },
  {
    "model": "ereader.audiotracks",
    "pk": 284,
    "fields": {
      "book": 7,
      "track_url": "https://firebasestorage.googleapis.com/v0/b/rm-ereader.appspot.com/o/audiobooks%2F2641%2Froomview_15_forster_64kb.mp3?alt=media&token=71360c40-0269-40ea-b9eb-7e842f1632cc"
    }
  },
  {
    "model": "ereader.audiotracks",
    "pk": 285,
    "fields": {
      "book": 7,
      "track_url": "https://firebasestorage.googleapis.com/v0/b/rm-ereader.appspot.com/o/audiobooks%2F2641%2Froomview_16_forster_64kb.mp3?alt=media&token=12e8871c-5320-4391-9903-ec1cb17024c6"
    }
  },
  {
    "model": "ereader.audiotracks",
    "pk": 286,
    "fields": {
      "book": 7,
      "track_url": "https://firebasestorage.googleapis.com/v0/b/rm-ereader.appspot.com/o/audiobooks%2F2641%2Froomview_17_forster_64kb.mp3?alt=media&token=2da791ad-2673-4cfe-980d-3816b62bfdf3"
    }
  },
  {
    "model": "ereader.audiotracks",
    "pk": 287,
    "fields": {
      "book": 7,
      "track_url": "https://firebasestorage.googleapis.com/v0/b/rm-ereader.appspot.com/o/audiobooks%2F2641%2Froomview_18_forster_64kb.mp3?alt=media&token=69b47417-f108-4595-b1b2-d3c397248afc"
    }
  },
  {
    "model": "ereader.audiotracks",
    "pk": 288,
    "fields": {
      "book": 7,
      "track_url": "https://firebasestorage.googleapis.com/v0/b/rm-ereader.appspot.com/o/audiobooks%2F2641%2Froomview_19_forster_64kb.mp3?alt=media&token=7c8d03d5-279b-4056-b8cc-a113b99d658c"
    }
  },
  {
    "model": "ereader.audiotracks",
    "pk": 289,
    "fields": {
      "book": 7,
      "track_url": "https://firebasestorage.googleapis.com/v0/b/rm-ereader.appspot.com/o/audiobooks%2F2641%2Froomview_20_forster_64kb.mp3?alt=media&token=250360d0-b8f8-4228-964c-62994c2fb0d8"
    }
  },
  {
    "model": "ereader.audiotracks",
    "pk": 290,
    "fields": {
      "book": 11,
      "track_url": "https://firebasestorage.googleapis.com/v0/b/rm-ereader.appspot.com/o/audiobooks%2F67979%2Fbluecastle_01_montgomery_64kb.mp3?alt=media&token=e3f666f7-9cd3-4041-a48f-156f91941889"
    }
  },
  {
    "model": "ereader.audiotracks",
    "pk": 291,
    "fields": {
      "book": 11,
      "track_url": "https://firebasestorage.googleapis.com/v0/b/rm-ereader.appspot.com/o/audiobooks%2F67979%2Fbluecastle_02_montgomery_64kb.mp3?alt=media&token=5eafc69a-87de-43bf-8004-f11aa88ecc48"
    }
  },
  {
    "model": "ereader.audiotracks",
    "pk": 292,
    "fields": {
      "book": 11,
      "track_url": "https://firebasestorage.googleapis.com/v0/b/rm-ereader.appspot.com/o/audiobooks%2F67979%2Fbluecastle_03_montgomery_64kb.mp3?alt=media&token=a07c05d2-8a97-4bc4-81a2-72ccf71d9218"
    }
  },
  {
    "model": "ereader.audiotracks",
    "pk": 293,
    "fields": {
      "book": 11,
      "track_url": "https://firebasestorage.googleapis.com/v0/b/rm-ereader.appspot.com/o/audiobooks%2F67979%2Fbluecastle_04_montgomery_64kb.mp3?alt=media&token=59b7e3b8-1d45-4874-b31c-8956204b1a12"
    }
  },
  {
    "model": "ereader.audiotracks",
    "pk": 294,
    "fields": {
      "book": 11,
      "track_url": "https://firebasestorage.googleapis.com/v0/b/rm-ereader.appspot.com/o/audiobooks%2F67979%2Fbluecastle_05_montgomery_64kb.mp3?alt=media&token=20a6af50-3d2f-4594-96df-9450cd1ad599"
    }
  },
  {
    "model": "ereader.audiotracks",
    "pk": 295,
    "fields": {
      "book": 11,
      "track_url": "https://firebasestorage.googleapis.com/v0/b/rm-ereader.appspot.com/o/audiobooks%2F67979%2Fbluecastle_06_montgomery_64kb.mp3?alt=media&token=40839617-187e-439a-905f-9d8144fb3c82"
    }
  },
  {
    "model": "ereader.audiotracks",
    "pk": 296,
    "fields": {
      "book": 11,
      "track_url": "https://firebasestorage.googleapis.com/v0/b/rm-ereader.appspot.com/o/audiobooks%2F67979%2Fbluecastle_07_montgomery_64kb.mp3?alt=media&token=465ab387-62fd-4f7c-88ae-91d17afb5031"
    }
  },
  {
    "model": "ereader.audiotracks",
    "pk": 297,
    "fields": {
      "book": 11,
      "track_url": "https://firebasestorage.googleapis.com/v0/b/rm-ereader.appspot.com/o/audiobooks%2F67979%2Fbluecastle_08_montgomery_64kb.mp3?alt=media&token=c44bce3b-69c1-4e83-9aca-9cf2b4ff9d2e"
    }
  },
  {
    "model": "ereader.audiotracks",
    "pk": 298,
    "fields": {
      "book": 11,
      "track_url": "https://firebasestorage.googleapis.com/v0/b/rm-ereader.appspot.com/o/audiobooks%2F67979%2Fbluecastle_09_montgomery_64kb.mp3?alt=media&token=1181f964-2177-4fa8-a956-a35c12cfd697"
    }
  },
  {
    "model": "ereader.audiotracks",
    "pk": 299,
    "fields": {
      "book": 11,
      "track_url": "https://firebasestorage.googleapis.com/v0/b/rm-ereader.appspot.com/o/audiobooks%2F67979%2Fbluecastle_10_montgomery_64kb.mp3?alt=media&token=a41f8a25-7322-413a-a74b-c0bfdcf25d44"
    }
  },
  {
    "model": "ereader.audiotracks",
    "pk": 300,
    "fields": {
      "book": 11,
      "track_url": "https://firebasestorage.googleapis.com/v0/b/rm-ereader.appspot.com/o/audiobooks%2F67979%2Fbluecastle_11_montgomery_64kb.mp3?alt=media&token=f944bd3e-51ea-40c1-a80e-9456792bfe16"
    }
  },
  {
    "model": "ereader.audiotracks",
    "pk": 301,
    "fields": {
      "book": 11,
      "track_url": "https://firebasestorage.googleapis.com/v0/b/rm-ereader.appspot.com/o/audiobooks%2F67979%2Fbluecastle_12_montgomery_64kb.mp3?alt=media&token=c8f14c19-b6de-4fcb-b0f2-42f59afeb39d"
    }
  },
  {
    "model": "ereader.audiotracks",
    "pk": 302,
    "fields": {
      "book": 11,
      "track_url": "https://firebasestorage.googleapis.com/v0/b/rm-ereader.appspot.com/o/audiobooks%2F67979%2Fbluecastle_13_montgomery_64kb.mp3?alt=media&token=eda66736-dd80-4c5a-976a-49bef27f473a"
    }
  },
  {
    "model": "ereader.audiotracks",
    "pk": 303,
    "fields": {
      "book": 11,
      "track_url": "https://firebasestorage.googleapis.com/v0/b/rm-ereader.appspot.com/o/audiobooks%2F67979%2Fbluecastle_14_montgomery_64kb.mp3?alt=media&token=d2c72d79-d98d-4aa7-85f6-a81d368113f9"
    }
  },
  {
    "model": "ereader.audiotracks",
    "pk": 304,
    "fields": {
      "book": 11,
      "track_url": "https://firebasestorage.googleapis.com/v0/b/rm-ereader.appspot.com/o/audiobooks%2F67979%2Fbluecastle_15_montgomery_64kb.mp3?alt=media&token=9c196f77-3bea-4a49-a818-8943b1e85f31"
    }
  },
  {
    "model": "ereader.audiotracks",
    "pk": 305,
    "fields": {
      "book": 11,
      "track_url": "https://firebasestorage.googleapis.com/v0/b/rm-ereader.appspot.com/o/audiobooks%2F67979%2Fbluecastle_16_montgomery_64kb.mp3?alt=media&token=98732968-5aef-4b6a-a72e-f680c908c4a8"
    }
  },
  {
    "model": "ereader.audiotracks",
    "pk": 306,
    "fields": {
      "book": 11,
      "track_url": "https://firebasestorage.googleapis.com/v0/b/rm-ereader.appspot.com/o/audiobooks%2F67979%2Fbluecastle_17_montgomery_64kb.mp3?alt=media&token=63841ec6-878e-4ed5-b72c-413b3ba3a954"
    }
  },
  {
    "model": "ereader.audiotracks",
    "pk": 307,
    "fields": {
      "book": 11,
      "track_url": "https://firebasestorage.googleapis.com/v0/b/rm-ereader.appspot.com/o/audiobooks%2F67979%2Fbluecastle_18_montgomery_64kb.mp3?alt=media&token=339994a8-f90b-4456-bfa4-a561f36491b6"
    }
  },
  {
    "model": "ereader.audiotracks",
    "pk": 308,
    "fields": {
      "book": 11,
      "track_url": "https://firebasestorage.googleapis.com/v0/b/rm-ereader.appspot.com/o/audiobooks%2F67979%2Fbluecastle_19_montgomery_64kb.mp3?alt=media&token=9b837afd-97bb-4f15-a80e-22ececda5aa6"
    }
  },
  {
    "model": "ereader.audiotracks",
    "pk": 309,
    "fields": {
      "book": 11,
      "track_url": "https://firebasestorage.googleapis.com/v0/b/rm-ereader.appspot.com/o/audiobooks%2F67979%2Fbluecastle_20_montgomery_64kb.mp3?alt=media&token=8d7e06ae-3078-4e74-9934-b1827b832b27"
    }
  },
  {
    "model": "ereader.audiotracks",
    "pk": 310,
    "fields": {
      "book": 11,
      "track_url": "https://firebasestorage.googleapis.com/v0/b/rm-ereader.appspot.com/o/audiobooks%2F67979%2Fbluecastle_21_montgomery_64kb.mp3?alt=media&token=0d4c4285-84b8-4f2a-bfd8-c8b808e8115f"
    }
  },
  {
    "model": "ereader.audiotracks",
    "pk": 311,
    "fields": {
      "book": 11,
      "track_url": "https://firebasestorage.googleapis.com/v0/b/rm-ereader.appspot.com/o/audiobooks%2F67979%2Fbluecastle_22_montgomery_64kb.mp3?alt=media&token=18c1ff48-f094-400b-8e6c-51234519dade"
    }
  },
  {
    "model": "ereader.audiotracks",
    "pk": 312,
    "fields": {
      "book": 11,
      "track_url": "https://firebasestorage.googleapis.com/v0/b/rm-ereader.appspot.com/o/audiobooks%2F67979%2Fbluecastle_23_montgomery_64kb.mp3?alt=media&token=a3d95a4d-f13f-4a09-b635-f0348fed897b"
    }
  },
  {
    "model": "ereader.audiotracks",
    "pk": 313,
    "fields": {
      "book": 11,
      "track_url": "https://firebasestorage.googleapis.com/v0/b/rm-ereader.appspot.com/o/audiobooks%2F67979%2Fbluecastle_24_montgomery_64kb.mp3?alt=media&token=1649d252-3d1b-4575-a90c-378a554e8502"
    }
  },
  {
    "model": "ereader.audiotracks",
    "pk": 314,
    "fields": {
      "book": 11,
      "track_url": "https://firebasestorage.googleapis.com/v0/b/rm-ereader.appspot.com/o/audiobooks%2F67979%2Fbluecastle_25_montgomery_64kb.mp3?alt=media&token=09637860-9787-4c83-a150-81c76d006665"
    }
  },
  {
    "model": "ereader.audiotracks",
    "pk": 315,
    "fields": {
      "book": 11,
      "track_url": "https://firebasestorage.googleapis.com/v0/b/rm-ereader.appspot.com/o/audiobooks%2F67979%2Fbluecastle_26_montgomery_64kb.mp3?alt=media&token=eb08e653-f21f-4d75-82b8-317e3c5e80a8"
    }
  },
  {
    "model": "ereader.audiotracks",
    "pk": 316,
    "fields": {
      "book": 11,
      "track_url": "https://firebasestorage.googleapis.com/v0/b/rm-ereader.appspot.com/o/audiobooks%2F67979%2Fbluecastle_27_montgomery_64kb.mp3?alt=media&token=7ad0b4f0-c045-490c-ba8f-5cd38cb690e4"
    }
  },
  {
    "model": "ereader.audiotracks",
    "pk": 317,
    "fields": {
      "book": 11,
      "track_url": "https://firebasestorage.googleapis.com/v0/b/rm-ereader.appspot.com/o/audiobooks%2F67979%2Fbluecastle_28_montgomery_64kb.mp3?alt=media&token=02314b8d-869a-47b8-8975-377d6995ddcc"
    }
  },
  {
    "model": "ereader.audiotracks",
    "pk": 318,
    "fields": {
      "book": 11,
      "track_url": "https://firebasestorage.googleapis.com/v0/b/rm-ereader.appspot.com/o/audiobooks%2F67979%2Fbluecastle_29_montgomery_64kb.mp3?alt=media&token=bed7c112-5d0d-4b1d-84d1-28dd5b049abf"
    }
  },
  {
    "model": "ereader.audiotracks",
    "pk": 319,
    "fields": {
      "book": 11,
      "track_url": "https://firebasestorage.googleapis.com/v0/b/rm-ereader.appspot.com/o/audiobooks%2F67979%2Fbluecastle_30_montgomery_64kb.mp3?alt=media&token=4c5c6e3f-b773-421f-9797-90cd8df430de"
    }
  },
  {
    "model": "ereader.audiotracks",
    "pk": 320,
    "fields": {
      "book": 11,
      "track_url": "https://firebasestorage.googleapis.com/v0/b/rm-ereader.appspot.com/o/audiobooks%2F67979%2Fbluecastle_31_montgomery_64kb.mp3?alt=media&token=37cc8fe4-04f8-4f44-855c-76c0696acfc1"
    }
  },
  {
    "model": "ereader.audiotracks",
    "pk": 321,
    "fields": {
      "book": 11,
      "track_url": "https://firebasestorage.googleapis.com/v0/b/rm-ereader.appspot.com/o/audiobooks%2F67979%2Fbluecastle_32_montgomery_64kb.mp3?alt=media&token=0fa5bd0b-62af-4764-a937-5e84690aec9f"
    }
  },
  {
    "model": "ereader.audiotracks",
    "pk": 322,
    "fields": {
      "book": 11,
      "track_url": "https://firebasestorage.googleapis.com/v0/b/rm-ereader.appspot.com/o/audiobooks%2F67979%2Fbluecastle_33_montgomery_64kb.mp3?alt=media&token=4fab865f-b045-4a47-bbde-d26f9670f08f"
    }
  },
  {
    "model": "ereader.audiotracks",
    "pk": 323,
    "fields": {
      "book": 11,
      "track_url": "https://firebasestorage.googleapis.com/v0/b/rm-ereader.appspot.com/o/audiobooks%2F67979%2Fbluecastle_34_montgomery_64kb.mp3?alt=media&token=78f93905-620c-4d29-837c-ddb2ed9969fd"
    }
  },
  {
    "model": "ereader.audiotracks",
    "pk": 324,
    "fields": {
      "book": 11,
      "track_url": "https://firebasestorage.googleapis.com/v0/b/rm-ereader.appspot.com/o/audiobooks%2F67979%2Fbluecastle_35_montgomery_64kb.mp3?alt=media&token=cbeada05-1760-4e07-98d4-9e91cabb3082"
    }
  },
  {
    "model": "ereader.audiotracks",
    "pk": 325,
    "fields": {
      "book": 11,
      "track_url": "https://firebasestorage.googleapis.com/v0/b/rm-ereader.appspot.com/o/audiobooks%2F67979%2Fbluecastle_36_montgomery_64kb.mp3?alt=media&token=04e4f956-1fd7-4cae-9411-6876e9716043"
    }
  },
  {
    "model": "ereader.audiotracks",
    "pk": 326,
    "fields": {
      "book": 11,
      "track_url": "https://firebasestorage.googleapis.com/v0/b/rm-ereader.appspot.com/o/audiobooks%2F67979%2Fbluecastle_37_montgomery_64kb.mp3?alt=media&token=1a91a72b-41fe-4c15-b6c1-f75137d81b40"
    }
  },
  {
    "model": "ereader.audiotracks",
    "pk": 327,
    "fields": {
      "book": 11,
      "track_url": "https://firebasestorage.googleapis.com/v0/b/rm-ereader.appspot.com/o/audiobooks%2F67979%2Fbluecastle_38_montgomery_64kb.mp3?alt=media&token=25c3eefd-6592-4c21-926a-087b057ef645"
    }
  },
  {
    "model": "ereader.audiotracks",
    "pk": 328,
    "fields": {
      "book": 11,
      "track_url": "https://firebasestorage.googleapis.com/v0/b/rm-ereader.appspot.com/o/audiobooks%2F67979%2Fbluecastle_39_montgomery_64kb.mp3?alt=media&token=477d0d9c-828b-473a-a423-f31e30b82c31"
    }
  },
  {
    "model": "ereader.audiotracks",
    "pk": 329,
    "fields": {
      "book": 11,
      "track_url": "https://firebasestorage.googleapis.com/v0/b/rm-ereader.appspot.com/o/audiobooks%2F67979%2Fbluecastle_40_montgomery_64kb.mp3?alt=media&token=3dbced7d-3681-457e-a5ea-11fb04d46d27"
    }
  },
  {
    "model": "ereader.audiotracks",
    "pk": 330,
    "fields": {
      "book": 11,
      "track_url": "https://firebasestorage.googleapis.com/v0/b/rm-ereader.appspot.com/o/audiobooks%2F67979%2Fbluecastle_41_montgomery_64kb.mp3?alt=media&token=c8bf51b1-9974-4a23-9a83-c174f21b98b9"
    }
  },
  {
    "model": "ereader.audiotracks",
    "pk": 331,
    "fields": {
      "book": 11,
      "track_url": "https://firebasestorage.googleapis.com/v0/b/rm-ereader.appspot.com/o/audiobooks%2F67979%2Fbluecastle_42_montgomery_64kb.mp3?alt=media&token=1c9a80eb-3914-4bfd-a421-5baa1f5e3a5a"
    }
  },
  {
    "model": "ereader.audiotracks",
    "pk": 332,
    "fields": {
      "book": 11,
      "track_url": "https://firebasestorage.googleapis.com/v0/b/rm-ereader.appspot.com/o/audiobooks%2F67979%2Fbluecastle_43_montgomery_64kb.mp3?alt=media&token=14d1f45d-8c80-41ac-966f-1e1e8ff7ba17"
    }
  },
  {
    "model": "ereader.audiotracks",
    "pk": 333,
    "fields": {
      "book": 11,
      "track_url": "https://firebasestorage.googleapis.com/v0/b/rm-ereader.appspot.com/o/audiobooks%2F67979%2Fbluecastle_44_montgomery_64kb.mp3?alt=media&token=4bc92c80-f7cd-4616-a039-bf2e11a070a3"
    }
  },
  {
    "model": "ereader.audiotracks",
    "pk": 334,
    "fields": {
      "book": 11,
      "track_url": "https://firebasestorage.googleapis.com/v0/b/rm-ereader.appspot.com/o/audiobooks%2F67979%2Fbluecastle_45_montgomery_64kb.mp3?alt=media&token=f7df6d76-d14f-4c5c-a73d-35cab825f7ff"
    }
  },
  {
    "model": "ereader.audiotracks",
    "pk": 335,
    "fields": {
      "book": 12,
      "track_url": "https://firebasestorage.googleapis.com/v0/b/rm-ereader.appspot.com/o/audiobooks%2F2701%2Fmobydick_000_melville_64kb.mp3?alt=media&token=671f151f-d662-4a89-be31-0f69b2504392"
    }
  },
  {
    "model": "ereader.audiotracks",
    "pk": 336,
    "fields": {
      "book": 12,
      "track_url": "https://firebasestorage.googleapis.com/v0/b/rm-ereader.appspot.com/o/audiobooks%2F2701%2Fmobydick_001_002_melville_64kb.mp3?alt=media&token=3e2f83b1-d91e-43f3-95fa-5198d09405fb"
    }
  },
  {
    "model": "ereader.audiotracks",
    "pk": 337,
    "fields": {
      "book": 12,
      "track_url": "https://firebasestorage.googleapis.com/v0/b/rm-ereader.appspot.com/o/audiobooks%2F2701%2Fmobydick_003_melville_64kb.mp3?alt=media&token=a6a4b9ac-5e91-4340-9b33-2430a6b0b0dc"
    }
  },
  {
    "model": "ereader.audiotracks",
    "pk": 338,
    "fields": {
      "book": 12,
      "track_url": "https://firebasestorage.googleapis.com/v0/b/rm-ereader.appspot.com/o/audiobooks%2F2701%2Fmobydick_004_007_melville_64kb.mp3?alt=media&token=b3f2cb01-1a8e-4dd7-9b83-7205190498ab"
    }
  },
  {
    "model": "ereader.audiotracks",
    "pk": 339,
    "fields": {
      "book": 12,
      "track_url": "https://firebasestorage.googleapis.com/v0/b/rm-ereader.appspot.com/o/audiobooks%2F2701%2Fmobydick_008_009_melville_64kb.mp3?alt=media&token=2cb3aff7-c212-4132-8fb1-1c5e3a3f81cc"
    }
  },
  {
    "model": "ereader.audiotracks",
    "pk": 340,
    "fields": {
      "book": 12,
      "track_url": "https://firebasestorage.googleapis.com/v0/b/rm-ereader.appspot.com/o/audiobooks%2F2701%2Fmobydick_010_012_melville_64kb.mp3?alt=media&token=7abaad54-1d6b-48f8-95f4-00b4f8fd97f1"
    }
  },
  {
    "model": "ereader.audiotracks",
    "pk": 341,
    "fields": {
      "book": 12,
      "track_url": "https://firebasestorage.googleapis.com/v0/b/rm-ereader.appspot.com/o/audiobooks%2F2701%2Fmobydick_013_015_melville_64kb.mp3?alt=media&token=81e4cb1d-adea-4312-83b7-594f3edb6a84"
    }
  },
  {
    "model": "ereader.audiotracks",
    "pk": 342,
    "fields": {
      "book": 12,
      "track_url": "https://firebasestorage.googleapis.com/v0/b/rm-ereader.appspot.com/o/audiobooks%2F2701%2Fmobydick_016_melville_64kb.mp3?alt=media&token=0fc135b5-cc41-4bcc-b8fd-cdd1a46750c9"
    }
  },
  {
    "model": "ereader.audiotracks",
    "pk": 343,
    "fields": {
      "book": 12,
      "track_url": "https://firebasestorage.googleapis.com/v0/b/rm-ereader.appspot.com/o/audiobooks%2F2701%2Fmobydick_017_021_melville_64kb.mp3?alt=media&token=6a1aa9e6-8d2f-473f-b4be-d7c0d53c26c3"
    }
  },
  {
    "model": "ereader.audiotracks",
    "pk": 344,
    "fields": {
      "book": 12,
      "track_url": "https://firebasestorage.googleapis.com/v0/b/rm-ereader.appspot.com/o/audiobooks%2F2701%2Fmobydick_022_025_melville_64kb.mp3?alt=media&token=7dc69922-5d3b-41db-ba3f-47133e43a2cd"
    }
  },
  {
    "model": "ereader.audiotracks",
    "pk": 345,
    "fields": {
      "book": 12,
      "track_url": "https://firebasestorage.googleapis.com/v0/b/rm-ereader.appspot.com/o/audiobooks%2F2701%2Fmobydick_026_027_melville_64kb.mp3?alt=media&token=a16764ec-b80e-4500-8f5b-4dc18c623a76"
    }
  },
  {
    "model": "ereader.audiotracks",
    "pk": 346,
    "fields": {
      "book": 12,
      "track_url": "https://firebasestorage.googleapis.com/v0/b/rm-ereader.appspot.com/o/audiobooks%2F2701%2Fmobydick_028_031_melville_64kb.mp3?alt=media&token=83766933-fda1-48db-8fc0-a0a3444eab84"
    }
  },
  {
    "model": "ereader.audiotracks",
    "pk": 347,
    "fields": {
      "book": 12,
      "track_url": "https://firebasestorage.googleapis.com/v0/b/rm-ereader.appspot.com/o/audiobooks%2F2701%2Fmobydick_032_melville_64kb.mp3?alt=media&token=19f8bef7-3428-475f-9051-77b76ff2859e"
    }
  },
  {
    "model": "ereader.audiotracks",
    "pk": 348,
    "fields": {
      "book": 12,
      "track_url": "https://firebasestorage.googleapis.com/v0/b/rm-ereader.appspot.com/o/audiobooks%2F2701%2Fmobydick_033_035_melville_64kb.mp3?alt=media&token=333f9c8b-95c2-4a0a-94a0-ab82917f22e2"
    }
  },
  {
    "model": "ereader.audiotracks",
    "pk": 349,
    "fields": {
      "book": 12,
      "track_url": "https://firebasestorage.googleapis.com/v0/b/rm-ereader.appspot.com/o/audiobooks%2F2701%2Fmobydick_036_040_melville_64kb.mp3?alt=media&token=02f1a456-6c47-4029-91e0-6714dd5ce650"
    }
  },
  {
    "model": "ereader.audiotracks",
    "pk": 350,
    "fields": {
      "book": 12,
      "track_url": "https://firebasestorage.googleapis.com/v0/b/rm-ereader.appspot.com/o/audiobooks%2F2701%2Fmobydick_041_melville_64kb.mp3?alt=media&token=3ee625a6-be10-4d1e-8abc-5ce638c2ec4c"
    }
  },
  {
    "model": "ereader.audiotracks",
    "pk": 351,
    "fields": {
      "book": 12,
      "track_url": "https://firebasestorage.googleapis.com/v0/b/rm-ereader.appspot.com/o/audiobooks%2F2701%2Fmobydick_042_044_melville_64kb.mp3?alt=media&token=88a1c808-dfa4-4a97-b258-cf750e4ecfc1"
    }
  },
  {
    "model": "ereader.audiotracks",
    "pk": 352,
    "fields": {
      "book": 12,
      "track_url": "https://firebasestorage.googleapis.com/v0/b/rm-ereader.appspot.com/o/audiobooks%2F2701%2Fmobydick_045_047_melville_64kb.mp3?alt=media&token=725a2f1c-9095-4d9a-b1a3-c6c2c0427e96"
    }
  },
  {
    "model": "ereader.audiotracks",
    "pk": 353,
    "fields": {
      "book": 12,
      "track_url": "https://firebasestorage.googleapis.com/v0/b/rm-ereader.appspot.com/o/audiobooks%2F2701%2Fmobydick_048_050_melville_64kb.mp3?alt=media&token=77a11659-76dc-412a-88a9-2d3c3ba33906"
    }
  },
  {
    "model": "ereader.audiotracks",
    "pk": 354,
    "fields": {
      "book": 12,
      "track_url": "https://firebasestorage.googleapis.com/v0/b/rm-ereader.appspot.com/o/audiobooks%2F2701%2Fmobydick_051_053_melville_64kb.mp3?alt=media&token=a2c2f14c-842b-43ef-bac0-4d0298d022a1"
    }
  },
  {
    "model": "ereader.audiotracks",
    "pk": 355,
    "fields": {
      "book": 12,
      "track_url": "https://firebasestorage.googleapis.com/v0/b/rm-ereader.appspot.com/o/audiobooks%2F2701%2Fmobydick_054_melville_64kb.mp3?alt=media&token=9aa2683c-77ba-460b-94e4-cbc53bdbf8ae"
    }
  },
  {
    "model": "ereader.audiotracks",
    "pk": 356,
    "fields": {
      "book": 12,
      "track_url": "https://firebasestorage.googleapis.com/v0/b/rm-ereader.appspot.com/o/audiobooks%2F2701%2Fmobydick_055_058_melville_64kb.mp3?alt=media&token=2ae3adb0-757d-47cc-8e98-b86403a4970f"
    }
  },
  {
    "model": "ereader.audiotracks",
    "pk": 357,
    "fields": {
      "book": 12,
      "track_url": "https://firebasestorage.googleapis.com/v0/b/rm-ereader.appspot.com/o/audiobooks%2F2701%2Fmobydick_059_063_melville_64kb.mp3?alt=media&token=bd089055-c969-4a38-a44f-cae1c9a40fef"
    }
  },
  {
    "model": "ereader.audiotracks",
    "pk": 358,
    "fields": {
      "book": 12,
      "track_url": "https://firebasestorage.googleapis.com/v0/b/rm-ereader.appspot.com/o/audiobooks%2F2701%2Fmobydick_064_067_melville_64kb.mp3?alt=media&token=4d22162f-9ff0-47a8-bd13-56f98aeb151d"
    }
  },
  {
    "model": "ereader.audiotracks",
    "pk": 359,
    "fields": {
      "book": 12,
      "track_url": "https://firebasestorage.googleapis.com/v0/b/rm-ereader.appspot.com/o/audiobooks%2F2701%2Fmobydick_068_071_melville_64kb.mp3?alt=media&token=98ad06c8-4f39-4dce-87fe-0af920d4652a"
    }
  },
  {
    "model": "ereader.audiotracks",
    "pk": 360,
    "fields": {
      "book": 12,
      "track_url": "https://firebasestorage.googleapis.com/v0/b/rm-ereader.appspot.com/o/audiobooks%2F2701%2Fmobydick_072_073_melville_64kb.mp3?alt=media&token=cb02a978-1d11-49ec-9ffa-9edaf78ba543"
    }
  },
  {
    "model": "ereader.audiotracks",
    "pk": 361,
    "fields": {
      "book": 12,
      "track_url": "https://firebasestorage.googleapis.com/v0/b/rm-ereader.appspot.com/o/audiobooks%2F2701%2Fmobydick_074_077_melville_64kb.mp3?alt=media&token=007a8718-54f3-437c-bc2c-b6105543c053"
    }
  },
  {
    "model": "ereader.audiotracks",
    "pk": 362,
    "fields": {
      "book": 12,
      "track_url": "https://firebasestorage.googleapis.com/v0/b/rm-ereader.appspot.com/o/audiobooks%2F2701%2Fmobydick_078_080_melville_64kb.mp3?alt=media&token=599270e1-301f-4132-9cb2-6a036fa6e811"
    }
  },
  {
    "model": "ereader.audiotracks",
    "pk": 363,
    "fields": {
      "book": 12,
      "track_url": "https://firebasestorage.googleapis.com/v0/b/rm-ereader.appspot.com/o/audiobooks%2F2701%2Fmobydick_081_082_melville_64kb.mp3?alt=media&token=5bf81103-56b3-4b88-8f93-103ec0a16247"
    }
  },
  {
    "model": "ereader.audiotracks",
    "pk": 364,
    "fields": {
      "book": 12,
      "track_url": "https://firebasestorage.googleapis.com/v0/b/rm-ereader.appspot.com/o/audiobooks%2F2701%2Fmobydick_083_086_melville_64kb.mp3?alt=media&token=d13d2472-43e5-4799-a621-27335845f9bc"
    }
  },
  {
    "model": "ereader.audiotracks",
    "pk": 365,
    "fields": {
      "book": 12,
      "track_url": "https://firebasestorage.googleapis.com/v0/b/rm-ereader.appspot.com/o/audiobooks%2F2701%2Fmobydick_087_088_melville_64kb.mp3?alt=media&token=b7b38dc1-d2e1-48b8-bc20-1dc231b59fda"
    }
  },
  {
    "model": "ereader.audiotracks",
    "pk": 366,
    "fields": {
      "book": 12,
      "track_url": "https://firebasestorage.googleapis.com/v0/b/rm-ereader.appspot.com/o/audiobooks%2F2701%2Fmobydick_089_091_melville_64kb.mp3?alt=media&token=3105303b-a729-41ba-93b6-7a5699323a62"
    }
  },
  {
    "model": "ereader.audiotracks",
    "pk": 367,
    "fields": {
      "book": 12,
      "track_url": "https://firebasestorage.googleapis.com/v0/b/rm-ereader.appspot.com/o/audiobooks%2F2701%2Fmobydick_092_096_melville_64kb.mp3?alt=media&token=6b623d00-e587-4f93-aa9a-f916e45d14a2"
    }
  },
  {
    "model": "ereader.audiotracks",
    "pk": 368,
    "fields": {
      "book": 12,
      "track_url": "https://firebasestorage.googleapis.com/v0/b/rm-ereader.appspot.com/o/audiobooks%2F2701%2Fmobydick_097_100_melville_64kb.mp3?alt=media&token=4504a07c-c994-4187-a04e-c676b232c5f7"
    }
  },
  {
    "model": "ereader.audiotracks",
    "pk": 369,
    "fields": {
      "book": 12,
      "track_url": "https://firebasestorage.googleapis.com/v0/b/rm-ereader.appspot.com/o/audiobooks%2F2701%2Fmobydick_101_104_melville_64kb.mp3?alt=media&token=383166fe-203c-47d9-9025-9f8d980211c4"
    }
  },
  {
    "model": "ereader.audiotracks",
    "pk": 370,
    "fields": {
      "book": 12,
      "track_url": "https://firebasestorage.googleapis.com/v0/b/rm-ereader.appspot.com/o/audiobooks%2F2701%2Fmobydick_105_108_melville_64kb.mp3?alt=media&token=7de68476-f852-41cf-aa9a-f390d017d428"
    }
  },
  {
    "model": "ereader.audiotracks",
    "pk": 371,
    "fields": {
      "book": 12,
      "track_url": "https://firebasestorage.googleapis.com/v0/b/rm-ereader.appspot.com/o/audiobooks%2F2701%2Fmobydick_109_113_melville_64kb.mp3?alt=media&token=72b094d4-e237-4d45-953c-1ce2a5b4cc25"
    }
  },
  {
    "model": "ereader.audiotracks",
    "pk": 372,
    "fields": {
      "book": 12,
      "track_url": "https://firebasestorage.googleapis.com/v0/b/rm-ereader.appspot.com/o/audiobooks%2F2701%2Fmobydick_114_118_melville_64kb.mp3?alt=media&token=a0af4f23-ca84-4813-a559-696d046fe91f"
    }
  },
  {
    "model": "ereader.audiotracks",
    "pk": 373,
    "fields": {
      "book": 12,
      "track_url": "https://firebasestorage.googleapis.com/v0/b/rm-ereader.appspot.com/o/audiobooks%2F2701%2Fmobydick_119_123_melville_64kb.mp3?alt=media&token=5140cbc1-b307-40c4-be31-3ac3e24160d1"
    }
  },
  {
    "model": "ereader.audiotracks",
    "pk": 374,
    "fields": {
      "book": 12,
      "track_url": "https://firebasestorage.googleapis.com/v0/b/rm-ereader.appspot.com/o/audiobooks%2F2701%2Fmobydick_124_127_melville_64kb.mp3?alt=media&token=a719e47f-b2f0-4393-b1da-d87e764e3207"
    }
  },
  {
    "model": "ereader.audiotracks",
    "pk": 375,
    "fields": {
      "book": 12,
      "track_url": "https://firebasestorage.googleapis.com/v0/b/rm-ereader.appspot.com/o/audiobooks%2F2701%2Fmobydick_128_132_melville_64kb.mp3?alt=media&token=a9f885e8-0a53-4e78-a9f7-b77fcb28c073"
    }
  },
  {
    "model": "ereader.audiotracks",
    "pk": 376,
    "fields": {
      "book": 12,
      "track_url": "https://firebasestorage.googleapis.com/v0/b/rm-ereader.appspot.com/o/audiobooks%2F2701%2Fmobydick_133_melville_64kb.mp3?alt=media&token=f38535e6-e514-4646-80c2-c98c64d97e91"
    }
  },
  {
    "model": "ereader.audiotracks",
    "pk": 377,
    "fields": {
      "book": 12,
      "track_url": "https://firebasestorage.googleapis.com/v0/b/rm-ereader.appspot.com/o/audiobooks%2F2701%2Fmobydick_134_melville_64kb.mp3?alt=media&token=0dd3f2eb-8154-4891-9c63-e504ffee661b"
    }
  },
  {
    "model": "ereader.audiotracks",
    "pk": 378,
    "fields": {
      "book": 12,
      "track_url": "https://firebasestorage.googleapis.com/v0/b/rm-ereader.appspot.com/o/audiobooks%2F2701%2Fmobydick_135_melville_64kb.mp3?alt=media&token=f86439ed-2be3-4858-89c8-76c7410e59da"
    }
  },
  {
    "model": "ereader.audiotracks",
    "pk": 379,
    "fields": {
      "book": 13,
      "track_url": "https://firebasestorage.googleapis.com/v0/b/rm-ereader.appspot.com/o/audiobooks%2F42671%2Fprideandprejudice_01-03_austen_64kb.mp3?alt=media&token=a364eb84-f5c3-4c39-be01-18139a7000ae"
    }
  },
  {
    "model": "ereader.audiotracks",
    "pk": 380,
    "fields": {
      "book": 13,
      "track_url": "https://firebasestorage.googleapis.com/v0/b/rm-ereader.appspot.com/o/audiobooks%2F42671%2Fprideandprejudice_04-05_austen_64kb.mp3?alt=media&token=4682a9cc-93a1-4ff2-9602-1e841f17a960"
    }
  },
  {
    "model": "ereader.audiotracks",
    "pk": 381,
    "fields": {
      "book": 13,
      "track_url": "https://firebasestorage.googleapis.com/v0/b/rm-ereader.appspot.com/o/audiobooks%2F42671%2Fprideandprejudice_06_austen_64kb.mp3?alt=media&token=7f5b13d0-a475-4d68-b26d-33a6e00562ad"
    }
  },
  {
    "model": "ereader.audiotracks",
    "pk": 382,
    "fields": {
      "book": 13,
      "track_url": "https://firebasestorage.googleapis.com/v0/b/rm-ereader.appspot.com/o/audiobooks%2F42671%2Fprideandprejudice_07_austen_64kb.mp3?alt=media&token=73e387ec-425b-4daf-8be5-2391dad72a51"
    }
  },
  {
    "model": "ereader.audiotracks",
    "pk": 383,
    "fields": {
      "book": 13,
      "track_url": "https://firebasestorage.googleapis.com/v0/b/rm-ereader.appspot.com/o/audiobooks%2F42671%2Fprideandprejudice_08_austen_64kb.mp3?alt=media&token=5d20faa4-7eb6-4140-93bc-c8a99b19a5d0"
    }
  },
  {
    "model": "ereader.audiotracks",
    "pk": 384,
    "fields": {
      "book": 13,
      "track_url": "https://firebasestorage.googleapis.com/v0/b/rm-ereader.appspot.com/o/audiobooks%2F42671%2Fprideandprejudice_09_austen_64kb.mp3?alt=media&token=9ea51bd8-4fb2-44be-9de0-09032189fe4d"
    }
  },
  {
    "model": "ereader.audiotracks",
    "pk": 385,
    "fields": {
      "book": 13,
      "track_url": "https://firebasestorage.googleapis.com/v0/b/rm-ereader.appspot.com/o/audiobooks%2F42671%2Fprideandprejudice_10-11_austen_64kb.mp3?alt=media&token=a50cc2ca-a6bc-42e7-9822-75afc24aef8e"
    }
  },
  {
    "model": "ereader.audiotracks",
    "pk": 386,
    "fields": {
      "book": 13,
      "track_url": "https://firebasestorage.googleapis.com/v0/b/rm-ereader.appspot.com/o/audiobooks%2F42671%2Fprideandprejudice_12-13_austen_64kb.mp3?alt=media&token=07d641d2-aa19-46eb-910c-feddfafeb37e"
    }
  },
  {
    "model": "ereader.audiotracks",
    "pk": 387,
    "fields": {
      "book": 13,
      "track_url": "https://firebasestorage.googleapis.com/v0/b/rm-ereader.appspot.com/o/audiobooks%2F42671%2Fprideandprejudice_14-15_austen_64kb.mp3?alt=media&token=722955c6-2c3a-41df-a312-e70411fa1c24"
    }
  },
  {
    "model": "ereader.audiotracks",
    "pk": 388,
    "fields": {
      "book": 13,
      "track_url": "https://firebasestorage.googleapis.com/v0/b/rm-ereader.appspot.com/o/audiobooks%2F42671%2Fprideandprejudice_16-17_austen_64kb.mp3?alt=media&token=44f5a63d-e561-4b52-a014-45844dc48fc9"
    }
  },
  {
    "model": "ereader.audiotracks",
    "pk": 389,
    "fields": {
      "book": 13,
      "track_url": "https://firebasestorage.googleapis.com/v0/b/rm-ereader.appspot.com/o/audiobooks%2F42671%2Fprideandprejudice_18-19_austen_64kb.mp3?alt=media&token=f6af53a9-753c-436e-8852-d979abfb78f7"
    }
  },
  {
    "model": "ereader.audiotracks",
    "pk": 390,
    "fields": {
      "book": 13,
      "track_url": "https://firebasestorage.googleapis.com/v0/b/rm-ereader.appspot.com/o/audiobooks%2F42671%2Fprideandprejudice_20_austen_64kb.mp3?alt=media&token=3edc7fdf-297a-419d-ad24-b1fd6713e2e8"
    }
  },
  {
    "model": "ereader.audiotracks",
    "pk": 391,
    "fields": {
      "book": 13,
      "track_url": "https://firebasestorage.googleapis.com/v0/b/rm-ereader.appspot.com/o/audiobooks%2F42671%2Fprideandprejudice_21-22_austen_64kb.mp3?alt=media&token=d3a42b44-8786-4e6e-8cc1-3ef5e994f950"
    }
  },
  {
    "model": "ereader.audiotracks",
    "pk": 392,
    "fields": {
      "book": 13,
      "track_url": "https://firebasestorage.googleapis.com/v0/b/rm-ereader.appspot.com/o/audiobooks%2F42671%2Fprideandprejudice_23-25_austen_64kb.mp3?alt=media&token=91181c21-1142-48b5-95c4-c267647766f0"
    }
  },
  {
    "model": "ereader.audiotracks",
    "pk": 393,
    "fields": {
      "book": 13,
      "track_url": "https://firebasestorage.googleapis.com/v0/b/rm-ereader.appspot.com/o/audiobooks%2F42671%2Fprideandprejudice_26_austen_64kb.mp3?alt=media&token=acea1642-51b5-4264-a779-17fde1b7b31e"
    }
  },
  {
    "model": "ereader.audiotracks",
    "pk": 394,
    "fields": {
      "book": 13,
      "track_url": "https://firebasestorage.googleapis.com/v0/b/rm-ereader.appspot.com/o/audiobooks%2F42671%2Fprideandprejudice_27_austen_64kb.mp3?alt=media&token=d262a97d-2ba4-474f-9d08-46a54119742d"
    }
  },
  {
    "model": "ereader.audiobook",
    "pk": 1,
    "fields": {
      "book": 10,
      "narrator": 1,
      "lib_link": "https://librivox.org/the-enchanted-april-by-elizabeth-von-arnim/",
      "tracks": [
        1, 2, 3, 4, 5, 6, 7, 8, 9, 10, 11, 12, 13, 14, 15, 16, 17, 18, 19, 20,
        21, 22
      ]
    }
  },
  {
    "model": "ereader.audiobook",
    "pk": 2,
    "fields": {
      "book": 3,
      "narrator": 2,
      "lib_link": "https://librivox.org/frankenstein-or-modern-prometheus-by-mary-w-shelley/",
      "tracks": [
        23, 24, 25, 26, 27, 28, 29, 30, 31, 32, 33, 34, 35, 36, 37, 38, 39, 40,
        41, 42, 43, 44
      ]
    }
  },
  {
    "model": "ereader.audiobook",
    "pk": 3,
    "fields": {
      "book": 9,
      "narrator": 2,
      "lib_link": "https://librivox.org/little-women-by-louisa-may-alcott/",
      "tracks": [
        45, 46, 47, 48, 49, 50, 51, 52, 53, 54, 55, 56, 57, 58, 59, 60, 61, 62,
        63, 64, 65, 66, 67, 68, 69, 70, 71, 72, 73, 74, 75, 76, 77, 78, 79, 80,
        81, 82, 83, 84, 85, 86, 87, 88, 89, 90, 91
      ]
    }
  },
  {
    "model": "ereader.audiobook",
    "pk": 4,
    "fields": {
      "book": 1,
      "narrator": 3,
      "lib_link": "https://librivox.org/the-house-of-the-seven-gables-by-nathaniel-hawthorne/",
      "tracks": [
        92, 93, 94, 95, 96, 97, 98, 99, 100, 101, 102, 103, 104, 105, 106, 107,
        108, 109, 110, 111, 112, 113
      ]
    }
  },
  {
    "model": "ereader.audiobook",
    "pk": 5,
    "fields": {
      "book": 2,
      "narrator": 4,
      "lib_link": "https://librivox.org/the-adventures-of-huckleberry-finn-by-mark-twain/",
      "tracks": [
        114, 115, 116, 117, 118, 119, 120, 121, 122, 123, 124, 125, 126, 127,
        128, 129, 130, 131, 132, 133, 134, 135, 136, 137, 138, 139, 140, 141,
        142, 143, 144, 145, 146, 147, 148, 150, 151, 152, 153, 154, 155, 156,
        157
      ]
    }
  },
  {
    "model": "ereader.audiobook",
    "pk": 6,
    "fields": {
      "book": 4,
      "narrator": 5,
      "lib_link": "https://librivox.org/tom-sawyer-abroad-by-mark-twain/",
      "tracks": [
        158, 159, 160, 161, 162, 163, 164, 165, 166, 167, 168, 169, 170
      ]
    }
  },
  {
    "model": "ereader.audiobook",
    "pk": 7,
    "fields": {
      "book": 5,
      "narrator": 6,
      "lib_link": "https://librivox.org/the-picture-of-dorian-gray-by-oscar-wilde/",
      "tracks": [
        171, 172, 173, 174, 175, 176, 177, 178, 179, 180, 181, 182, 183
      ]
    }
  },
  {
    "model": "ereader.audiobook",
    "pk": 8,
    "fields": {
      "book": 8,
      "narrator": 2,
      "lib_link": "https://librivox.org/middlemarch-by-george-eliot/",
      "tracks": [
        184, 185, 186, 187, 188, 189, 190, 191, 192, 193, 194, 195, 196, 197,
        198, 199, 200, 201, 202, 203, 204, 205, 206, 207, 208, 209, 210, 211,
        212, 213, 214, 215, 216, 217, 218, 219, 220, 221, 222, 223, 224, 225,
        226, 227, 228, 229, 230, 231, 232, 233, 234, 235, 236, 237, 238, 239,
        240, 241, 242, 243, 244, 245, 246, 247, 248, 249, 250, 251, 252, 253,
        254, 255, 256, 257, 258, 259, 260, 261, 262, 263, 264, 265, 266, 267,
        268, 269
      ]
    }
  },
  {
    "model": "ereader.audiobook",
    "pk": 9,
    "fields": {
      "book": 7,
      "narrator": 7,
      "lib_link": "https://librivox.org/a-room-with-a-view-by-em-forster/",
      "tracks": [
        270, 271, 272, 273, 274, 275, 276, 277, 278, 279, 280, 281, 282, 283,
        284, 285, 286, 287, 288, 289
      ]
    }
  },
  {
    "model": "ereader.audiobook",
    "pk": 10,
    "fields": {
      "book": 11,
      "narrator": 2,
      "lib_link": "https://librivox.org/the-blue-castle-by-lucy-maud-montgomery/",
      "tracks": [
        290, 291, 292, 293, 294, 295, 296, 297, 298, 299, 300, 301, 302, 303,
        304, 305, 306, 307, 308, 309, 310, 311, 312, 313, 314, 315, 316, 317,
        318, 319, 320, 321, 322, 323, 324, 325, 326, 327, 328, 329, 330, 331,
        332, 333, 334
      ]
    }
  },
  {
    "model": "ereader.audiobook",
    "pk": 11,
    "fields": {
      "book": 12,
      "narrator": 8,
      "lib_link": "https://librivox.org/moby-dick-by-herman-melville",
      "tracks": [
        335, 336, 337, 338, 339, 340, 341, 342, 343, 344, 345, 346, 347, 348,
        349, 350, 351, 352, 353, 354, 355, 356, 357, 358, 359, 360, 361, 362,
        363, 364, 365, 366, 367, 368, 369, 370, 371, 372, 373, 374, 375, 376,
        377, 378
      ]
    }
  }
]
